S,K,tau,r,q,price,expiry,days,moneyness,bucket
751.280029296875,685.0,0.08493150684931507,0.0369000005722045,-0.012149920012419789,70.675,2026-08-07,31,0.09675916685675183,ITM
751.280029296875,689.0,0.08493150684931507,0.0369000005722045,-0.012149920012419789,66.82,2026-08-07,31,0.09039191479952831,ITM
751.280029296875,692.0,0.08493150684931507,0.0369000005722045,-0.012149920012419789,63.945,2026-08-07,31,0.08566478222091763,ITM
751.280029296875,695.0,0.08493150684931507,0.0369000005722045,-0.012149920012419789,60.875,2026-08-07,31,0.08097845941996402,ITM
751.280029296875,697.0,0.08493150684931507,0.0369000005722045,-0.012149920012419789,59.175,2026-08-07,31,0.07787665609307748,ITM
751.280029296875,700.0,0.08493150684931507,0.0369000005722045,-0.012149920012419789,56.33,2026-08-07,31,0.07325718470982143,ITM
751.280029296875,705.0,0.08493150684931507,0.0369000005722045,-0.012149920012419789,51.629999999999995,2026-08-07,31,0.06564543162677305,ITM
751.280029296875,708.0,0.08493150684931507,0.0369000005722045,-0.012149920012419789,48.834999999999994,2026-08-07,31,0.06112998488259181,ITM
751.280029296875,711.0,0.08493150684931507,0.0369000005722045,-0.012149920012419789,46.075,2026-08-07,31,0.05665264317422644,ITM
751.280029296875,714.0,0.08493150684931507,0.0369000005722045,-0.012149920012419789,43.325,2026-08-07,31,0.05221292618609944,ITM
751.280029296875,718.0,0.08493150684931507,0.0369000005722045,-0.012149920012419789,39.715,2026-08-07,31,0.04635101573380919,ITM
751.280029296875,720.0,0.08493150684931507,0.0369000005722045,-0.012149920012419789,37.93,2026-08-07,31,0.04344448513454861,ITM
751.280029296875,722.0,0.08493150684931507,0.0369000005722045,-0.012149920012419789,36.175,2026-08-07,31,0.040554057197887815,ITM
751.280029296875,725.0,0.08493150684931507,0.0369000005722045,-0.012149920012419789,33.305,2026-08-07,31,0.03624831627155172,ITM
751.280029296875,727.0,0.08493150684931507,0.0369000005722045,-0.012149920012419789,31.855,2026-08-07,31,0.033397564369841815,ITM
751.280029296875,729.0,0.08493150684931507,0.0369000005722045,-0.012149920012419789,30.14,2026-08-07,31,0.030562454453875173,ITM
751.280029296875,731.0,0.08493150684931507,0.0369000005722045,-0.012149920012419789,28.47,2026-08-07,31,0.027742858135259917,ATM
751.280029296875,733.0,0.08493150684931507,0.0369000005722045,-0.012149920012419789,26.785,2026-08-07,31,0.024938648426841747,ATM
751.280029296875,735.0,0.08493150684931507,0.0369000005722045,-0.012149920012419789,24.585,2026-08-07,31,0.022149699723639456,ATM
751.280029296875,737.0,0.08493150684931507,0.0369000005722045,-0.012149920012419789,23.590000000000003,2026-08-07,31,0.019375887784090908,ATM
751.280029296875,739.0,0.08493150684931507,0.0369000005722045,-0.012149920012419789,22.0,2026-08-07,31,0.016617089711603517,ATM
751.280029296875,741.0,0.08493150684931507,0.0369000005722045,-0.012149920012419789,20.485,2026-08-07,31,0.01387318393640351,ATM
751.280029296875,743.0,0.08493150684931507,0.0369000005722045,-0.012149920012419789,18.975,2026-08-07,31,0.011144050197678331,ATM
751.280029296875,745.0,0.08493150684931507,0.0369000005722045,-0.012149920012419789,17.65,2026-08-07,31,0.008429569526006712,ATM
751.280029296875,747.0,0.08493150684931507,0.0369000005722045,-0.012149920012419789,16.18,2026-08-07,31,0.00572962422607095,ATM
751.280029296875,749.0,0.08493150684931507,0.0369000005722045,-0.012149920012419789,14.665,2026-08-07,31,0.003044097859646195,ATM
751.280029296875,751.0,0.08493150684931507,0.0369000005722045,-0.012149920012419789,13.59,2026-08-07,31,0.00037287522886151795,ATM
751.280029296875,753.0,0.08493150684931507,0.0369000005722045,-0.012149920012419789,12.344999999999999,2026-08-07,31,-0.0022841576402722443,ATM
751.280029296875,755.0,0.08493150684931507,0.0369000005722045,-0.012149920012419789,11.17,2026-08-07,31,-0.004927113514072848,ATM
751.280029296875,757.0,0.08493150684931507,0.0369000005722045,-0.012149920012419789,10.05,2026-08-07,31,-0.007556103967140027,ATM
751.280029296875,759.0,0.08493150684931507,0.0369000005722045,-0.012149920012419789,9.0,2026-08-07,31,-0.010171239398056654,ATM
751.280029296875,761.0,0.08493150684931507,0.0369000005722045,-0.012149920012419789,8.02,2026-08-07,31,-0.012772629044842313,ATM
751.280029296875,763.0,0.08493150684931507,0.0369000005722045,-0.012149920012419789,7.1,2026-08-07,31,-0.015360381000163827,ATM
751.280029296875,765.0,0.08493150684931507,0.0369000005722045,-0.012149920012419789,6.25,2026-08-07,31,-0.01793460222630719,ATM
751.280029296875,767.0,0.08493150684931507,0.0369000005722045,-0.012149920012419789,5.475,2026-08-07,31,-0.020495398569915255,ATM
751.280029296875,769.0,0.08493150684931507,0.0369000005722045,-0.012149920012419789,4.765000000000001,2026-08-07,31,-0.02304287477649545,ATM
751.280029296875,771.0,0.08493150684931507,0.0369000005722045,-0.012149920012419789,4.125,2026-08-07,31,-0.025577134504701685,ATM
751.280029296875,773.0,0.08493150684931507,0.0369000005722045,-0.012149920012419789,3.5549999999999997,2026-08-07,31,-0.028098280340394566,ATM
751.280029296875,775.0,0.08493150684931507,0.0369000005722045,-0.012149920012419789,3.04,2026-08-07,31,-0.03060641381048387,OTM
751.280029296875,777.0,0.08493150684931507,0.0369000005722045,-0.012149920012419789,2.585,2026-08-07,31,-0.03310163539655727,OTM
751.280029296875,779.0,0.08493150684931507,0.0369000005722045,-0.012149920012419789,2.185,2026-08-07,31,-0.0355840445482991,OTM
751.280029296875,781.0,0.08493150684931507,0.0369000005722045,-0.012149920012419789,1.8450000000000002,2026-08-07,31,-0.03805373969670294,OTM
751.280029296875,783.0,0.08493150684931507,0.0369000005722045,-0.012149920012419789,1.545,2026-08-07,31,-0.040510818267081736,OTM
751.280029296875,785.0,0.08493150684931507,0.0369000005722045,-0.012149920012419789,1.29,2026-08-07,31,-0.04295537669187898,OTM
751.280029296875,795.0,0.08493150684931507,0.0369000005722045,-0.012149920012419789,0.51,2026-08-07,31,-0.054993673840408805,OTM
751.280029296875,805.0,0.08493150684931507,0.0369000005722045,-0.012149920012419789,0.225,2026-08-07,31,-0.06673288286102484,OTM
751.280029296875,815.0,0.08493150684931507,0.0369000005722045,-0.012149920012419789,0.11499999999999999,2026-08-07,31,-0.0781840131326687,OTM
751.280029296875,825.0,0.08493150684931507,0.0369000005722045,-0.012149920012419789,0.065,2026-08-07,31,-0.08935754024621212,OTM
751.280029296875,700.0,0.10410958904109589,0.0369000005722045,-0.010096195177746847,57.55,2026-08-14,38,0.07325718470982143,ITM
751.280029296875,720.0,0.10410958904109589,0.0369000005722045,-0.010096195177746847,39.45,2026-08-14,38,0.04344448513454861,ITM
751.280029296875,733.0,0.10410958904109589,0.0369000005722045,-0.010096195177746847,28.595,2026-08-14,38,0.024938648426841747,ATM
751.280029296875,735.0,0.10410958904109589,0.0369000005722045,-0.010096195177746847,26.93,2026-08-14,38,0.022149699723639456,ATM
751.280029296875,740.0,0.10410958904109589,0.0369000005722045,-0.010096195177746847,23.060000000000002,2026-08-14,38,0.015243282833614865,ATM
751.280029296875,742.0,0.10410958904109589,0.0369000005722045,-0.010096195177746847,21.57,2026-08-14,38,0.012506778028133422,ATM
751.280029296875,744.0,0.10410958904109589,0.0369000005722045,-0.010096195177746847,20.1,2026-08-14,38,0.0097849856140793,ATM
751.280029296875,746.0,0.10410958904109589,0.0369000005722045,-0.010096195177746847,18.689999999999998,2026-08-14,38,0.007077787261226542,ATM
751.280029296875,748.0,0.10410958904109589,0.0369000005722045,-0.010096195177746847,17.07,2026-08-14,38,0.0043850659049131015,ATM
751.280029296875,750.0,0.10410958904109589,0.0369000005722045,-0.010096195177746847,15.6,2026-08-14,38,0.0017067057291666667,ATM
751.280029296875,752.0,0.10410958904109589,0.0369000005722045,-0.010096195177746847,14.745000000000001,2026-08-14,38,-0.0009574078499002659,ATM
751.280029296875,754.0,0.10410958904109589,0.0369000005722045,-0.010096195177746847,13.525,2026-08-14,38,-0.0036073882004310346,ATM
751.280029296875,756.0,0.10410958904109589,0.0369000005722045,-0.010096195177746847,12.36,2026-08-14,38,-0.006243347490906085,ATM
751.280029296875,758.0,0.10410958904109589,0.0369000005722045,-0.010096195177746847,11.25,2026-08-14,38,-0.008865396705969657,ATM
751.280029296875,760.0,0.10410958904109589,0.0369000005722045,-0.010096195177746847,10.2,2026-08-14,38,-0.011473645662006579,ATM
751.280029296875,765.0,0.10410958904109589,0.0369000005722045,-0.010096195177746847,7.835,2026-08-14,38,-0.01793460222630719,ATM
751.280029296875,775.0,0.10410958904109589,0.0369000005722045,-0.010096195177746847,4.26,2026-08-14,38,-0.03060641381048387,OTM
751.280029296875,785.0,0.10410958904109589,0.0369000005722045,-0.010096195177746847,2.08,2026-08-14,38,-0.04295537669187898,OTM
751.280029296875,683.0,0.1232876712328767,0.0369000005722045,-0.008670260389731108,74.68,2026-08-21,45,0.09997076031753294,ITM
751.280029296875,685.0,0.1232876712328767,0.0369000005722045,-0.008670260389731108,72.59,2026-08-21,45,0.09675916685675183,ITM
751.280029296875,687.0,0.1232876712328767,0.0369000005722045,-0.008670260389731108,70.905,2026-08-21,45,0.09356627263009461,ITM
751.280029296875,689.0,0.1232876712328767,0.0369000005722045,-0.008670260389731108,69.015,2026-08-21,45,0.09039191479952831,ITM
751.280029296875,691.0,0.1232876712328767,0.0369000005722045,-0.008670260389731108,67.135,2026-08-21,45,0.08723593241226484,ITM
751.280029296875,693.0,0.1232876712328767,0.0369000005722045,-0.008670260389731108,65.255,2026-08-21,45,0.08409816637355699,ITM
751.280029296875,695.0,0.1232876712328767,0.0369000005722045,-0.008670260389731108,63.39,2026-08-21,45,0.08097845941996402,ITM
751.280029296875,697.0,0.1232876712328767,0.0369000005722045,-0.008670260389731108,61.535,2026-08-21,45,0.07787665609307748,ITM
751.280029296875,699.0,0.1232876712328767,0.0369000005722045,-0.008670260389731108,59.68,2026-08-21,45,0.07479260271369814,ITM
751.280029296875,701.0,0.1232876712328767,0.0369000005722045,-0.008670260389731108,57.845,2026-08-21,45,0.07172614735645506,ITM
751.280029296875,703.0,0.1232876712328767,0.0369000005722045,-0.008670260389731108,56.004999999999995,2026-08-21,45,0.06867713982485775,ITM
751.280029296875,705.0,0.1232876712328767,0.0369000005722045,-0.008670260389731108,54.18,2026-08-21,45,0.06564543162677305,ITM
751.280029296875,707.0,0.1232876712328767,0.0369000005722045,-0.008670260389731108,52.36,2026-08-21,45,0.06263087595031824,ITM
751.280029296875,709.0,0.1232876712328767,0.0369000005722045,-0.008670260389731108,50.56,2026-08-21,45,0.0596333276401622,ITM
751.280029296875,711.0,0.1232876712328767,0.0369000005722045,-0.008670260389731108,48.769999999999996,2026-08-21,45,0.05665264317422644,ITM
751.280029296875,713.0,0.1232876712328767,0.0369000005722045,-0.008670260389731108,46.99,2026-08-21,45,0.0536886806407784,ITM
751.280029296875,715.0,0.1232876712328767,0.0369000005722045,-0.008670260389731108,45.224999999999994,2026-08-21,45,0.05074129971590909,ITM
751.280029296875,717.0,0.1232876712328767,0.0369000005722045,-0.008670260389731108,43.46,2026-08-21,45,0.04781036164138772,ITM
751.280029296875,719.0,0.1232876712328767,0.0369000005722045,-0.008670260389731108,41.75,2026-08-21,45,0.04489572920288595,ITM
751.280029296875,721.0,0.1232876712328767,0.0369000005722045,-0.008670260389731108,40.0,2026-08-21,45,0.0419972667085645,ITM
751.280029296875,723.0,0.1232876712328767,0.0369000005722045,-0.008670260389731108,38.3,2026-08-21,45,0.039114839968015215,ITM
751.280029296875,725.0,0.1232876712328767,0.0369000005722045,-0.008670260389731108,36.61,2026-08-21,45,0.03624831627155172,ITM
751.280029296875,727.0,0.1232876712328767,0.0369000005722045,-0.008670260389731108,34.94,2026-08-21,45,0.033397564369841815,ITM
751.280029296875,729.0,0.1232876712328767,0.0369000005722045,-0.008670260389731108,33.29,2026-08-21,45,0.030562454453875173,ITM
751.280029296875,731.0,0.1232876712328767,0.0369000005722045,-0.008670260389731108,31.660000000000004,2026-08-21,45,0.027742858135259917,ATM
751.280029296875,733.0,0.1232876712328767,0.0369000005722045,-0.008670260389731108,30.060000000000002,2026-08-21,45,0.024938648426841747,ATM
751.280029296875,735.0,0.1232876712328767,0.0369000005722045,-0.008670260389731108,28.445,2026-08-21,45,0.022149699723639456,ATM
751.280029296875,737.0,0.1232876712328767,0.0369000005722045,-0.008670260389731108,26.9,2026-08-21,45,0.019375887784090908,ATM
751.280029296875,739.0,0.1232876712328767,0.0369000005722045,-0.008670260389731108,25.380000000000003,2026-08-21,45,0.016617089711603517,ATM
751.280029296875,741.0,0.1232876712328767,0.0369000005722045,-0.008670260389731108,23.884999999999998,2026-08-21,45,0.01387318393640351,ATM
751.280029296875,743.0,0.1232876712328767,0.0369000005722045,-0.008670260389731108,22.43,2026-08-21,45,0.011144050197678331,ATM
751.280029296875,745.0,0.1232876712328767,0.0369000005722045,-0.008670260389731108,21.025,2026-08-21,45,0.008429569526006712,ATM
751.280029296875,747.0,0.1232876712328767,0.0369000005722045,-0.008670260389731108,19.634999999999998,2026-08-21,45,0.00572962422607095,ATM
751.280029296875,749.0,0.1232876712328767,0.0369000005722045,-0.008670260389731108,18.1,2026-08-21,45,0.003044097859646195,ATM
751.280029296875,751.0,0.1232876712328767,0.0369000005722045,-0.008670260389731108,16.995,2026-08-21,45,0.00037287522886151795,ATM
751.280029296875,753.0,0.1232876712328767,0.0369000005722045,-0.008670260389731108,15.76,2026-08-21,45,-0.0022841576402722443,ATM
751.280029296875,755.0,0.1232876712328767,0.0369000005722045,-0.008670260389731108,14.555,2026-08-21,45,-0.004927113514072848,ATM
751.280029296875,757.0,0.1232876712328767,0.0369000005722045,-0.008670260389731108,13.4,2026-08-21,45,-0.007556103967140027,ATM
751.280029296875,759.0,0.1232876712328767,0.0369000005722045,-0.008670260389731108,12.295,2026-08-21,45,-0.010171239398056654,ATM
751.280029296875,761.0,0.1232876712328767,0.0369000005722045,-0.008670260389731108,11.245000000000001,2026-08-21,45,-0.012772629044842313,ATM
751.280029296875,763.0,0.1232876712328767,0.0369000005722045,-0.008670260389731108,10.25,2026-08-21,45,-0.015360381000163827,ATM
751.280029296875,765.0,0.1232876712328767,0.0369000005722045,-0.008670260389731108,9.309999999999999,2026-08-21,45,-0.01793460222630719,ATM
751.280029296875,767.0,0.1232876712328767,0.0369000005722045,-0.008670260389731108,8.43,2026-08-21,45,-0.020495398569915255,ATM
751.280029296875,769.0,0.1232876712328767,0.0369000005722045,-0.008670260389731108,7.6,2026-08-21,45,-0.02304287477649545,ATM
751.280029296875,771.0,0.1232876712328767,0.0369000005722045,-0.008670260389731108,6.83,2026-08-21,45,-0.025577134504701685,ATM
751.280029296875,773.0,0.1232876712328767,0.0369000005722045,-0.008670260389731108,6.119999999999999,2026-08-21,45,-0.028098280340394566,ATM
751.280029296875,775.0,0.1232876712328767,0.0369000005722045,-0.008670260389731108,5.460000000000001,2026-08-21,45,-0.03060641381048387,OTM
751.280029296875,777.0,0.1232876712328767,0.0369000005722045,-0.008670260389731108,4.855,2026-08-21,45,-0.03310163539655727,OTM
751.280029296875,779.0,0.1232876712328767,0.0369000005722045,-0.008670260389731108,4.305,2026-08-21,45,-0.0355840445482991,OTM
751.280029296875,781.0,0.1232876712328767,0.0369000005722045,-0.008670260389731108,3.8049999999999997,2026-08-21,45,-0.03805373969670294,OTM
751.280029296875,783.0,0.1232876712328767,0.0369000005722045,-0.008670260389731108,3.3449999999999998,2026-08-21,45,-0.040510818267081736,OTM
751.280029296875,785.0,0.1232876712328767,0.0369000005722045,-0.008670260389731108,2.935,2026-08-21,45,-0.04295537669187898,OTM
751.280029296875,787.0,0.1232876712328767,0.0369000005722045,-0.008670260389731108,2.565,2026-08-21,45,-0.04538751042328463,OTM
751.280029296875,789.0,0.1232876712328767,0.0369000005722045,-0.008670260389731108,2.24,2026-08-21,45,-0.04780731394565906,OTM
751.280029296875,791.0,0.1232876712328767,0.0369000005722045,-0.008670260389731108,1.9449999999999998,2026-08-21,45,-0.050214880787768645,OTM
751.280029296875,793.0,0.1232876712328767,0.0369000005722045,-0.008670260389731108,1.69,2026-08-21,45,-0.05261030353483607,OTM
751.280029296875,795.0,0.1232876712328767,0.0369000005722045,-0.008670260389731108,1.46,2026-08-21,45,-0.054993673840408805,OTM
751.280029296875,797.0,0.1232876712328767,0.0369000005722045,-0.008670260389731108,1.2650000000000001,2026-08-21,45,-0.057365082438048935,OTM
751.280029296875,799.0,0.1232876712328767,0.0369000005722045,-0.008670260389731108,1.09,2026-08-21,45,-0.05972461915284731,OTM
751.280029296875,805.0,0.1232876712328767,0.0369000005722045,-0.008670260389731108,0.7,2026-08-21,45,-0.06673288286102484,OTM
751.280029296875,815.0,0.1232876712328767,0.0369000005722045,-0.008670260389731108,0.355,2026-08-21,45,-0.0781840131326687,OTM
751.280029296875,825.0,0.1232876712328767,0.0369000005722045,-0.008670260389731108,0.195,2026-08-21,45,-0.08935754024621212,OTM
751.280029296875,683.0,0.1506849315068493,0.0369000005722045,-0.006913560692730837,75.97999999999999,2026-08-31,55,0.09997076031753294,ITM
751.280029296875,685.0,0.1506849315068493,0.0369000005722045,-0.006913560692730837,74.1,2026-08-31,55,0.09675916685675183,ITM
751.280029296875,687.0,0.1506849315068493,0.0369000005722045,-0.006913560692730837,72.425,2026-08-31,55,0.09356627263009461,ITM
751.280029296875,689.0,0.1506849315068493,0.0369000005722045,-0.006913560692730837,70.565,2026-08-31,55,0.09039191479952831,ITM
751.280029296875,691.0,0.1506849315068493,0.0369000005722045,-0.006913560692730837,68.705,2026-08-31,55,0.08723593241226484,ITM
751.280029296875,693.0,0.1506849315068493,0.0369000005722045,-0.006913560692730837,66.85499999999999,2026-08-31,55,0.08409816637355699,ITM
751.280029296875,695.0,0.1506849315068493,0.0369000005722045,-0.006913560692730837,65.015,2026-08-31,55,0.08097845941996402,ITM
751.280029296875,697.0,0.1506849315068493,0.0369000005722045,-0.006913560692730837,63.185,2026-08-31,55,0.07787665609307748,ITM
751.280029296875,699.0,0.1506849315068493,0.0369000005722045,-0.006913560692730837,61.35,2026-08-31,55,0.07479260271369814,ITM
751.280029296875,701.0,0.1506849315068493,0.0369000005722045,-0.006913560692730837,59.53,2026-08-31,55,0.07172614735645506,ITM
751.280029296875,703.0,0.1506849315068493,0.0369000005722045,-0.006913560692730837,57.72,2026-08-31,55,0.06867713982485775,ITM
751.280029296875,705.0,0.1506849315068493,0.0369000005722045,-0.006913560692730837,55.925,2026-08-31,55,0.06564543162677305,ITM
751.280029296875,707.0,0.1506849315068493,0.0369000005722045,-0.006913560692730837,54.135000000000005,2026-08-31,55,0.06263087595031824,ITM
751.280029296875,709.0,0.1506849315068493,0.0369000005722045,-0.006913560692730837,52.364999999999995,2026-08-31,55,0.0596333276401622,ITM
751.280029296875,711.0,0.1506849315068493,0.0369000005722045,-0.006913560692730837,50.59,2026-08-31,55,0.05665264317422644,ITM
751.280029296875,713.0,0.1506849315068493,0.0369000005722045,-0.006913560692730837,48.84,2026-08-31,55,0.0536886806407784,ITM
751.280029296875,715.0,0.1506849315068493,0.0369000005722045,-0.006913560692730837,47.095,2026-08-31,55,0.05074129971590909,ITM
751.280029296875,717.0,0.1506849315068493,0.0369000005722045,-0.006913560692730837,45.370000000000005,2026-08-31,55,0.04781036164138772,ITM
751.280029296875,719.0,0.1506849315068493,0.0369000005722045,-0.006913560692730837,43.655,2026-08-31,55,0.04489572920288595,ITM
751.280029296875,721.0,0.1506849315068493,0.0369000005722045,-0.006913560692730837,41.96,2026-08-31,55,0.0419972667085645,ITM
751.280029296875,723.0,0.1506849315068493,0.0369000005722045,-0.006913560692730837,40.28,2026-08-31,55,0.039114839968015215,ITM
751.280029296875,725.0,0.1506849315068493,0.0369000005722045,-0.006913560692730837,38.61,2026-08-31,55,0.03624831627155172,ITM
751.280029296875,727.0,0.1506849315068493,0.0369000005722045,-0.006913560692730837,36.974999999999994,2026-08-31,55,0.033397564369841815,ITM
751.280029296875,729.0,0.1506849315068493,0.0369000005722045,-0.006913560692730837,35.345,2026-08-31,55,0.030562454453875173,ITM
751.280029296875,731.0,0.1506849315068493,0.0369000005722045,-0.006913560692730837,33.745000000000005,2026-08-31,55,0.027742858135259917,ATM
751.280029296875,733.0,0.1506849315068493,0.0369000005722045,-0.006913560692730837,32.160000000000004,2026-08-31,55,0.024938648426841747,ATM
751.280029296875,735.0,0.1506849315068493,0.0369000005722045,-0.006913560692730837,30.53,2026-08-31,55,0.022149699723639456,ATM
751.280029296875,737.0,0.1506849315068493,0.0369000005722045,-0.006913560692730837,29.0,2026-08-31,55,0.019375887784090908,ATM
751.280029296875,739.0,0.1506849315068493,0.0369000005722045,-0.006913560692730837,27.494999999999997,2026-08-31,55,0.016617089711603517,ATM
751.280029296875,741.0,0.1506849315068493,0.0369000005722045,-0.006913560692730837,26.025,2026-08-31,55,0.01387318393640351,ATM
751.280029296875,743.0,0.1506849315068493,0.0369000005722045,-0.006913560692730837,24.665,2026-08-31,55,0.011144050197678331,ATM
751.280029296875,745.0,0.1506849315068493,0.0369000005722045,-0.006913560692730837,23.215,2026-08-31,55,0.008429569526006712,ATM
751.280029296875,747.0,0.1506849315068493,0.0369000005722045,-0.006913560692730837,21.795,2026-08-31,55,0.00572962422607095,ATM
751.280029296875,749.0,0.1506849315068493,0.0369000005722045,-0.006913560692730837,20.515,2026-08-31,55,0.003044097859646195,ATM
751.280029296875,751.0,0.1506849315068493,0.0369000005722045,-0.006913560692730837,19.215,2026-08-31,55,0.00037287522886151795,ATM
751.280029296875,753.0,0.1506849315068493,0.0369000005722045,-0.006913560692730837,17.924999999999997,2026-08-31,55,-0.0022841576402722443,ATM
751.280029296875,755.0,0.1506849315068493,0.0369000005722045,-0.006913560692730837,16.71,2026-08-31,55,-0.004927113514072848,ATM
751.280029296875,757.0,0.1506849315068493,0.0369000005722045,-0.006913560692730837,15.535,2026-08-31,55,-0.007556103967140027,ATM
751.280029296875,759.0,0.1506849315068493,0.0369000005722045,-0.006913560692730837,14.405000000000001,2026-08-31,55,-0.010171239398056654,ATM
751.280029296875,761.0,0.1506849315068493,0.0369000005722045,-0.006913560692730837,13.325,2026-08-31,55,-0.012772629044842313,ATM
751.280029296875,763.0,0.1506849315068493,0.0369000005722045,-0.006913560692730837,12.295,2026-08-31,55,-0.015360381000163827,ATM
751.280029296875,765.0,0.1506849315068493,0.0369000005722045,-0.006913560692730837,11.309999999999999,2026-08-31,55,-0.01793460222630719,ATM
751.280029296875,767.0,0.1506849315068493,0.0369000005722045,-0.006913560692730837,10.379999999999999,2026-08-31,55,-0.020495398569915255,ATM
751.280029296875,769.0,0.1506849315068493,0.0369000005722045,-0.006913560692730837,9.5,2026-08-31,55,-0.02304287477649545,ATM
751.280029296875,771.0,0.1506849315068493,0.0369000005722045,-0.006913560692730837,8.67,2026-08-31,55,-0.025577134504701685,ATM
751.280029296875,773.0,0.1506849315068493,0.0369000005722045,-0.006913560692730837,7.890000000000001,2026-08-31,55,-0.028098280340394566,ATM
751.280029296875,775.0,0.1506849315068493,0.0369000005722045,-0.006913560692730837,7.16,2026-08-31,55,-0.03060641381048387,OTM
751.280029296875,777.0,0.1506849315068493,0.0369000005722045,-0.006913560692730837,6.484999999999999,2026-08-31,55,-0.03310163539655727,OTM
751.280029296875,779.0,0.1506849315068493,0.0369000005722045,-0.006913560692730837,5.855,2026-08-31,55,-0.0355840445482991,OTM
751.280029296875,781.0,0.1506849315068493,0.0369000005722045,-0.006913560692730837,5.275,2026-08-31,55,-0.03805373969670294,OTM
751.280029296875,783.0,0.1506849315068493,0.0369000005722045,-0.006913560692730837,4.74,2026-08-31,55,-0.040510818267081736,OTM
751.280029296875,785.0,0.1506849315068493,0.0369000005722045,-0.006913560692730837,4.25,2026-08-31,55,-0.04295537669187898,OTM
751.280029296875,787.0,0.1506849315068493,0.0369000005722045,-0.006913560692730837,3.8,2026-08-31,55,-0.04538751042328463,OTM
751.280029296875,789.0,0.1506849315068493,0.0369000005722045,-0.006913560692730837,3.39,2026-08-31,55,-0.04780731394565906,OTM
751.280029296875,791.0,0.1506849315068493,0.0369000005722045,-0.006913560692730837,3.0149999999999997,2026-08-31,55,-0.050214880787768645,OTM
751.280029296875,793.0,0.1506849315068493,0.0369000005722045,-0.006913560692730837,2.68,2026-08-31,55,-0.05261030353483607,OTM
751.280029296875,795.0,0.1506849315068493,0.0369000005722045,-0.006913560692730837,2.375,2026-08-31,55,-0.054993673840408805,OTM
751.280029296875,797.0,0.1506849315068493,0.0369000005722045,-0.006913560692730837,2.0949999999999998,2026-08-31,55,-0.057365082438048935,OTM
751.280029296875,799.0,0.1506849315068493,0.0369000005722045,-0.006913560692730837,1.855,2026-08-31,55,-0.05972461915284731,OTM
751.280029296875,805.0,0.1506849315068493,0.0369000005722045,-0.006913560692730837,1.2650000000000001,2026-08-31,55,-0.06673288286102484,OTM
751.280029296875,815.0,0.1506849315068493,0.0369000005722045,-0.006913560692730837,0.6799999999999999,2026-08-31,55,-0.0781840131326687,OTM
751.280029296875,825.0,0.1506849315068493,0.0369000005722045,-0.006913560692730837,0.375,2026-08-31,55,-0.08935754024621212,OTM
751.280029296875,683.0,0.2,0.0369000005722045,-0.002554152376773179,78.985,2026-09-18,73,0.09997076031753294,ITM
751.280029296875,685.0,0.2,0.0369000005722045,-0.002554152376773179,77.14500000000001,2026-09-18,73,0.09675916685675183,ITM
751.280029296875,688.0,0.2,0.0369000005722045,-0.002554152376773179,74.4,2026-09-18,73,0.09197678676871367,ITM
751.280029296875,690.0,0.2,0.0369000005722045,-0.002554152376773179,72.575,2026-09-18,73,0.08881163666213768,ITM
751.280029296875,694.0,0.2,0.0369000005722045,-0.002554152376773179,68.955,2026-09-18,73,0.08253606526927233,ITM
751.280029296875,696.0,0.2,0.0369000005722045,-0.002554152376773179,67.16,2026-09-18,73,0.07942532944953305,ITM
751.280029296875,698.0,0.2,0.0369000005722045,-0.002554152376773179,65.37,2026-09-18,73,0.07633242019609598,ITM
751.280029296875,700.0,0.2,0.0369000005722045,-0.002554152376773179,63.745,2026-09-18,73,0.07325718470982143,ITM
751.280029296875,702.0,0.2,0.0369000005722045,-0.002554152376773179,61.815,2026-09-18,73,0.07019947193287036,ITM
751.280029296875,704.0,0.2,0.0369000005722045,-0.002554152376773179,60.055,2026-09-18,73,0.06715913252397017,ITM
751.280029296875,706.0,0.2,0.0369000005722045,-0.002554152376773179,58.295,2026-09-18,73,0.06413601883410057,ITM
751.280029296875,708.0,0.2,0.0369000005722045,-0.002554152376773179,56.555,2026-09-18,73,0.06112998488259181,ITM
751.280029296875,710.0,0.2,0.0369000005722045,-0.002554152376773179,54.82,2026-09-18,73,0.05814088633362676,ITM
751.280029296875,712.0,0.2,0.0369000005722045,-0.002554152376773179,53.105000000000004,2026-09-18,73,0.055168580473139044,ITM
751.280029296875,714.0,0.2,0.0369000005722045,-0.002554152376773179,51.4,2026-09-18,73,0.05221292618609944,ITM
751.280029296875,716.0,0.2,0.0369000005722045,-0.002554152376773179,49.705,2026-09-18,73,0.04927378393418296,ITM
751.280029296875,718.0,0.2,0.0369000005722045,-0.002554152376773179,48.025000000000006,2026-09-18,73,0.04635101573380919,ITM
751.280029296875,720.0,0.2,0.0369000005722045,-0.002554152376773179,46.36,2026-09-18,73,0.04344448513454861,ITM
751.280029296875,722.0,0.2,0.0369000005722045,-0.002554152376773179,44.71,2026-09-18,73,0.040554057197887815,ITM
751.280029296875,724.0,0.2,0.0369000005722045,-0.002554152376773179,43.07,2026-09-18,73,0.037679598476346686,ITM
751.280029296875,726.0,0.2,0.0369000005722045,-0.002554152376773179,41.46,2026-09-18,73,0.034820976992940775,ITM
751.280029296875,728.0,0.2,0.0369000005722045,-0.002554152376773179,39.86,2026-09-18,73,0.031978062220982144,ITM
751.280029296875,730.0,0.2,0.0369000005722045,-0.002554152376773179,38.28,2026-09-18,73,0.02915072506421233,ATM
751.280029296875,732.0,0.2,0.0369000005722045,-0.002554152376773179,36.72,2026-09-18,73,0.026338837837260928,ATM
751.280029296875,734.0,0.2,0.0369000005722045,-0.002554152376773179,35.175,2026-09-18,73,0.023542274246423706,ATM
751.280029296875,736.0,0.2,0.0369000005722045,-0.002554152376773179,33.605000000000004,2026-09-18,73,0.020760909370754078,ATM
751.280029296875,738.0,0.2,0.0369000005722045,-0.002554152376773179,32.095,2026-09-18,73,0.01799461964346206,ATM
751.280029296875,740.0,0.2,0.0369000005722045,-0.002554152376773179,30.700000000000003,2026-09-18,73,0.015243282833614865,ATM
751.280029296875,742.0,0.2,0.0369000005722045,-0.002554152376773179,29.17,2026-09-18,73,0.012506778028133422,ATM
751.280029296875,744.0,0.2,0.0369000005722045,-0.002554152376773179,27.68,2026-09-18,73,0.0097849856140793,ATM
751.280029296875,746.0,0.2,0.0369000005722045,-0.002554152376773179,26.415,2026-09-18,73,0.007077787261226542,ATM
751.280029296875,748.0,0.2,0.0369000005722045,-0.002554152376773179,25.12,2026-09-18,73,0.0043850659049131015,ATM
751.280029296875,750.0,0.2,0.0369000005722045,-0.002554152376773179,23.759999999999998,2026-09-18,73,0.0017067057291666667,ATM
751.280029296875,753.0,0.2,0.0369000005722045,-0.002554152376773179,21.835,2026-09-18,73,-0.0022841576402722443,ATM
751.280029296875,755.0,0.2,0.0369000005722045,-0.002554152376773179,20.604999999999997,2026-09-18,73,-0.004927113514072848,ATM
751.280029296875,757.0,0.2,0.0369000005722045,-0.002554152376773179,19.405,2026-09-18,73,-0.007556103967140027,ATM
751.280029296875,759.0,0.2,0.0369000005722045,-0.002554152376773179,18.235,2026-09-18,73,-0.010171239398056654,ATM
751.280029296875,761.0,0.2,0.0369000005722045,-0.002554152376773179,17.115000000000002,2026-09-18,73,-0.012772629044842313,ATM
751.280029296875,763.0,0.2,0.0369000005722045,-0.002554152376773179,16.03,2026-09-18,73,-0.015360381000163827,ATM
751.280029296875,765.0,0.2,0.0369000005722045,-0.002554152376773179,14.99,2026-09-18,73,-0.01793460222630719,ATM
751.280029296875,767.0,0.2,0.0369000005722045,-0.002554152376773179,13.985,2026-09-18,73,-0.020495398569915255,ATM
751.280029296875,769.0,0.2,0.0369000005722045,-0.002554152376773179,13.030000000000001,2026-09-18,73,-0.02304287477649545,ATM
751.280029296875,771.0,0.2,0.0369000005722045,-0.002554152376773179,12.115,2026-09-18,73,-0.025577134504701685,ATM
751.280029296875,773.0,0.2,0.0369000005722045,-0.002554152376773179,11.24,2026-09-18,73,-0.028098280340394566,ATM
751.280029296875,775.0,0.2,0.0369000005722045,-0.002554152376773179,10.41,2026-09-18,73,-0.03060641381048387,OTM
751.280029296875,777.0,0.2,0.0369000005722045,-0.002554152376773179,9.629999999999999,2026-09-18,73,-0.03310163539655727,OTM
751.280029296875,779.0,0.2,0.0369000005722045,-0.002554152376773179,8.89,2026-09-18,73,-0.0355840445482991,OTM
751.280029296875,781.0,0.2,0.0369000005722045,-0.002554152376773179,8.190000000000001,2026-09-18,73,-0.03805373969670294,OTM
751.280029296875,783.0,0.2,0.0369000005722045,-0.002554152376773179,7.529999999999999,2026-09-18,73,-0.040510818267081736,OTM
751.280029296875,785.0,0.2,0.0369000005722045,-0.002554152376773179,6.915,2026-09-18,73,-0.04295537669187898,OTM
751.280029296875,787.0,0.2,0.0369000005722045,-0.002554152376773179,6.34,2026-09-18,73,-0.04538751042328463,OTM
751.280029296875,789.0,0.2,0.0369000005722045,-0.002554152376773179,5.805,2026-09-18,73,-0.04780731394565906,OTM
751.280029296875,791.0,0.2,0.0369000005722045,-0.002554152376773179,5.305,2026-09-18,73,-0.050214880787768645,OTM
751.280029296875,793.0,0.2,0.0369000005722045,-0.002554152376773179,4.835,2026-09-18,73,-0.05261030353483607,OTM
751.280029296875,795.0,0.2,0.0369000005722045,-0.002554152376773179,4.404999999999999,2026-09-18,73,-0.054993673840408805,OTM
751.280029296875,797.0,0.2,0.0369000005722045,-0.002554152376773179,4.01,2026-09-18,73,-0.057365082438048935,OTM
751.280029296875,799.0,0.2,0.0369000005722045,-0.002554152376773179,3.645,2026-09-18,73,-0.05972461915284731,OTM
751.280029296875,801.0,0.2,0.0369000005722045,-0.002554152376773179,3.3049999999999997,2026-09-18,73,-0.062072372912765295,OTM
751.280029296875,803.0,0.2,0.0369000005722045,-0.002554152376773179,2.995,2026-09-18,73,-0.06440843175980697,OTM
751.280029296875,805.0,0.2,0.0369000005722045,-0.002554152376773179,2.705,2026-09-18,73,-0.06673288286102484,OTM
751.280029296875,807.0,0.2,0.0369000005722045,-0.002554152376773179,2.4450000000000003,2026-09-18,73,-0.06904581251936183,OTM
751.280029296875,809.0,0.2,0.0369000005722045,-0.002554152376773179,2.21,2026-09-18,73,-0.0713473061843325,OTM
751.280029296875,811.0,0.2,0.0369000005722045,-0.002554152376773179,1.99,2026-09-18,73,-0.07363744846254625,OTM
751.280029296875,813.0,0.2,0.0369000005722045,-0.002554152376773179,1.795,2026-09-18,73,-0.07591632312807503,OTM
751.280029296875,815.0,0.2,0.0369000005722045,-0.002554152376773179,1.62,2026-09-18,73,-0.0781840131326687,OTM
751.280029296875,817.0,0.2,0.0369000005722045,-0.002554152376773179,1.46,2026-09-18,73,-0.08044060061582008,OTM
751.280029296875,819.0,0.2,0.0369000005722045,-0.002554152376773179,1.31,2026-09-18,73,-0.08268616691468254,OTM
751.280029296875,821.0,0.2,0.0369000005722045,-0.002554152376773179,1.19,2026-09-18,73,-0.08492079257384287,OTM
751.280029296875,823.0,0.2,0.0369000005722045,-0.002554152376773179,1.07,2026-09-18,73,-0.0871445573549514,OTM
751.280029296875,825.0,0.2,0.0369000005722045,-0.002554152376773179,0.97,2026-09-18,73,-0.08935754024621212,OTM
751.280029296875,683.0,0.2328767123287671,0.0369000005722045,0.0029119408922932064,79.86500000000001,2026-09-30,85,0.09997076031753294,ITM
751.280029296875,685.0,0.2328767123287671,0.0369000005722045,0.0029119408922932064,78.025,2026-09-30,85,0.09675916685675183,ITM
751.280029296875,687.0,0.2328767123287671,0.0369000005722045,0.0029119408922932064,76.215,2026-09-30,85,0.09356627263009461,ITM
751.280029296875,689.0,0.2328767123287671,0.0369000005722045,0.0029119408922932064,74.415,2026-09-30,85,0.09039191479952831,ITM
751.280029296875,691.0,0.2328767123287671,0.0369000005722045,0.0029119408922932064,72.625,2026-09-30,85,0.08723593241226484,ITM
751.280029296875,698.0,0.2328767123287671,0.0369000005722045,0.0029119408922932064,66.42,2026-09-30,85,0.07633242019609598,ITM
751.280029296875,700.0,0.2328767123287671,0.0369000005722045,0.0029119408922932064,64.045,2026-09-30,85,0.07325718470982143,ITM
751.280029296875,705.0,0.2328767123287671,0.0369000005722045,0.0029119408922932064,60.295,2026-09-30,85,0.06564543162677305,ITM
751.280029296875,710.0,0.2328767123287671,0.0369000005722045,0.0029119408922932064,56.025000000000006,2026-09-30,85,0.05814088633362676,ITM
751.280029296875,712.0,0.2328767123287671,0.0369000005722045,0.0029119408922932064,54.335,2026-09-30,85,0.055168580473139044,ITM
751.280029296875,716.0,0.2328767123287671,0.0369000005722045,0.0029119408922932064,50.980000000000004,2026-09-30,85,0.04927378393418296,ITM
751.280029296875,720.0,0.2328767123287671,0.0369000005722045,0.0029119408922932064,47.68,2026-09-30,85,0.04344448513454861,ITM
751.280029296875,724.0,0.2328767123287671,0.0369000005722045,0.0029119408922932064,44.445,2026-09-30,85,0.037679598476346686,ITM
751.280029296875,726.0,0.2328767123287671,0.0369000005722045,0.0029119408922932064,42.855000000000004,2026-09-30,85,0.034820976992940775,ITM
751.280029296875,728.0,0.2328767123287671,0.0369000005722045,0.0029119408922932064,41.275000000000006,2026-09-30,85,0.031978062220982144,ITM
751.280029296875,731.0,0.2328767123287671,0.0369000005722045,0.0029119408922932064,38.8,2026-09-30,85,0.027742858135259917,ATM
751.280029296875,733.0,0.2328767123287671,0.0369000005722045,0.0029119408922932064,37.28,2026-09-30,85,0.024938648426841747,ATM
751.280029296875,735.0,0.2328767123287671,0.0369000005722045,0.0029119408922932064,35.98,2026-09-30,85,0.022149699723639456,ATM
751.280029296875,737.0,0.2328767123287671,0.0369000005722045,0.0029119408922932064,34.28,2026-09-30,85,0.019375887784090908,ATM
751.280029296875,739.0,0.2328767123287671,0.0369000005722045,0.0029119408922932064,32.96,2026-09-30,85,0.016617089711603517,ATM
751.280029296875,741.0,0.2328767123287671,0.0369000005722045,0.0029119408922932064,31.525,2026-09-30,85,0.01387318393640351,ATM
751.280029296875,743.0,0.2328767123287671,0.0369000005722045,0.0029119408922932064,29.89,2026-09-30,85,0.011144050197678331,ATM
751.280029296875,745.0,0.2328767123287671,0.0369000005722045,0.0029119408922932064,28.615000000000002,2026-09-30,85,0.008429569526006712,ATM
751.280029296875,747.0,0.2328767123287671,0.0369000005722045,0.0029119408922932064,27.23,2026-09-30,85,0.00572962422607095,ATM
751.280029296875,749.0,0.2328767123287671,0.0369000005722045,0.0029119408922932064,25.98,2026-09-30,85,0.003044097859646195,ATM
751.280029296875,751.0,0.2328767123287671,0.0369000005722045,0.0029119408922932064,24.634999999999998,2026-09-30,85,0.00037287522886151795,ATM
751.280029296875,753.0,0.2328767123287671,0.0369000005722045,0.0029119408922932064,23.380000000000003,2026-09-30,85,-0.0022841576402722443,ATM
751.280029296875,755.0,0.2328767123287671,0.0369000005722045,0.0029119408922932064,22.15,2026-09-30,85,-0.004927113514072848,ATM
751.280029296875,757.0,0.2328767123287671,0.0369000005722045,0.0029119408922932064,20.950000000000003,2026-09-30,85,-0.007556103967140027,ATM
751.280029296875,759.0,0.2328767123287671,0.0369000005722045,0.0029119408922932064,19.79,2026-09-30,85,-0.010171239398056654,ATM
751.280029296875,761.0,0.2328767123287671,0.0369000005722045,0.0029119408922932064,18.66,2026-09-30,85,-0.012772629044842313,ATM
751.280029296875,763.0,0.2328767123287671,0.0369000005722045,0.0029119408922932064,17.575000000000003,2026-09-30,85,-0.015360381000163827,ATM
751.280029296875,765.0,0.2328767123287671,0.0369000005722045,0.0029119408922932064,16.525,2026-09-30,85,-0.01793460222630719,ATM
751.280029296875,768.0,0.2328767123287671,0.0369000005722045,0.0029119408922932064,15.02,2026-09-30,85,-0.021770795186360676,ATM
751.280029296875,770.0,0.2328767123287671,0.0369000005722045,0.0029119408922932064,14.065,2026-09-30,85,-0.024311650263798702,ATM
751.280029296875,772.0,0.2328767123287671,0.0369000005722045,0.0029119408922932064,13.155000000000001,2026-09-30,85,-0.02683934028902202,ATM
751.280029296875,774.0,0.2328767123287671,0.0369000005722045,0.0029119408922932064,12.285,2026-09-30,85,-0.029353967316698967,ATM
751.280029296875,776.0,0.2328767123287671,0.0369000005722045,0.0029119408922932064,11.445,2026-09-30,85,-0.03185563234938789,OTM
751.280029296875,778.0,0.2328767123287671,0.0369000005722045,0.0029119408922932064,10.655000000000001,2026-09-30,85,-0.03434443535106041,OTM
751.280029296875,780.0,0.2328767123287671,0.0369000005722045,0.0029119408922932064,9.905000000000001,2026-09-30,85,-0.036820475260416666,OTM
751.280029296875,782.0,0.2328767123287671,0.0369000005722045,0.0029119408922932064,9.195,2026-09-30,85,-0.03928385000399617,OTM
751.280029296875,784.0,0.2328767123287671,0.0369000005722045,0.0029119408922932064,8.52,2026-09-30,85,-0.04173465650908801,OTM
751.280029296875,786.0,0.2328767123287671,0.0369000005722045,0.0029119408922932064,7.885,2026-09-30,85,-0.04417299071644402,OTM
751.280029296875,788.0,0.2328767123287671,0.0369000005722045,0.0029119408922932064,7.289999999999999,2026-09-30,85,-0.04659894759279822,OTM
751.280029296875,790.0,0.2328767123287671,0.0369000005722045,0.0029119408922932064,6.73,2026-09-30,85,-0.049012621143196204,OTM
751.280029296875,792.0,0.2328767123287671,0.0369000005722045,0.0029119408922932064,6.210000000000001,2026-09-30,85,-0.051414104423137624,OTM
751.280029296875,794.0,0.2328767123287671,0.0369000005722045,0.0029119408922932064,5.720000000000001,2026-09-30,85,-0.053803489550535266,OTM
751.280029296875,796.0,0.2328767123287671,0.0369000005722045,0.0029119408922932064,5.26,2026-09-30,85,-0.05618086771749372,OTM
751.280029296875,798.0,0.2328767123287671,0.0369000005722045,0.0029119408922932064,4.83,2026-09-30,85,-0.05854632920191103,OTM
751.280029296875,800.0,0.2328767123287671,0.0369000005722045,0.0029119408922932064,4.4399999999999995,2026-09-30,85,-0.06089996337890625,OTM
751.280029296875,802.0,0.2328767123287671,0.0369000005722045,0.0029119408922932064,4.07,2026-09-30,85,-0.06324185873207606,OTM
751.280029296875,804.0,0.2328767123287671,0.0369000005722045,0.0029119408922932064,3.72,2026-09-30,85,-0.06557210286458333,OTM
751.280029296875,806.0,0.2328767123287671,0.0369000005722045,0.0029119408922932064,3.4050000000000002,2026-09-30,85,-0.06789078251008064,OTM
751.280029296875,808.0,0.2328767123287671,0.0369000005722045,0.0029119408922932064,3.11,2026-09-30,85,-0.07019798354347154,OTM
751.280029296875,810.0,0.2328767123287671,0.0369000005722045,0.0029119408922932064,2.84,2026-09-30,85,-0.07249379099151235,OTM
751.280029296875,812.0,0.2328767123287671,0.0369000005722045,0.0029119408922932064,2.59,2026-09-30,85,-0.0747782890432574,OTM
751.280029296875,814.0,0.2328767123287671,0.0369000005722045,0.0029119408922932064,2.36,2026-09-30,85,-0.07705156106035012,OTM
751.280029296875,816.0,0.2328767123287671,0.0369000005722045,0.0029119408922932064,2.15,2026-09-30,85,-0.07931368958716299,OTM
751.280029296875,819.0,0.2328767123287671,0.0369000005722045,0.0029119408922932064,1.865,2026-09-30,85,-0.08268616691468254,OTM
751.280029296875,821.0,0.2328767123287671,0.0369000005722045,0.0029119408922932064,1.7,2026-09-30,85,-0.08492079257384287,OTM
751.280029296875,824.0,0.2328767123287671,0.0369000005722045,0.0029119408922932064,1.475,2026-09-30,85,-0.08825239163000607,OTM
751.280029296875,826.0,0.2328767123287671,0.0369000005722045,0.0029119408922932064,1.3450000000000002,2026-09-30,85,-0.09046001295777845,OTM
751.280029296875,829.0,0.2328767123287671,0.0369000005722045,0.0029119408922932064,1.17,2026-09-30,85,-0.09375147250075393,OTM
751.280029296875,831.0,0.2328767123287671,0.0369000005722045,0.0029119408922932064,1.07,2026-09-30,85,-0.09593257605670878,OTM
751.280029296875,833.0,0.2328767123287671,0.0369000005722045,0.0029119408922932064,0.975,2026-09-30,85,-0.09810320612620048,OTM
