date,S,K,tau,r,q,price,expiry,days,moneyness
2026-01-08,685.8651123046875,634.0,0.1178082191780822,0.035069999694824217,-0.05,61.08,2026-02-20,43,0.0818061708275828
2026-01-08,685.8651123046875,648.0,0.1178082191780822,0.035069999694824217,-0.05,47.97,2026-02-20,43,0.05843381528501158
2026-01-08,685.8651123046875,662.0,0.1178082191780822,0.035069999694824217,-0.05,35.445,2026-02-20,43,0.03605001858714124
2026-01-08,685.8651123046875,669.0,0.1178082191780822,0.035069999694824217,-0.05,29.494999999999997,2026-02-20,43,0.025209435433015695
2026-01-08,685.8651123046875,676.0,0.1178082191780822,0.035069999694824217,-0.05,23.84,2026-02-20,43,0.014593361397466717
2026-01-08,685.8651123046875,683.0,0.1178082191780822,0.035069999694824217,-0.05,18.55,2026-02-20,43,0.004194893564696193
2026-01-08,685.8651123046875,690.0,0.1178082191780822,0.035069999694824217,-0.05,13.77,2026-02-20,43,-0.005992590862771739
2026-01-08,685.8651123046875,696.0,0.1178082191780822,0.035069999694824217,-0.05,10.18,2026-02-20,43,-0.014561620251885775
2026-01-08,685.8651123046875,703.0,0.1178082191780822,0.035069999694824217,-0.05,6.734999999999999,2026-02-20,43,-0.02437395120243599
2026-01-08,685.8651123046875,710.0,0.1178082191780822,0.035069999694824217,-0.05,4.165,2026-02-20,43,-0.033992799570862674
2026-01-08,685.8651123046875,717.0,0.1178082191780822,0.035069999694824217,-0.05,2.4299999999999997,2026-02-20,43,-0.043423832211035567
2026-01-08,685.8651123046875,730.0,0.1178082191780822,0.035069999694824217,-0.05,0.795,2026-02-20,43,-0.06045875026755137
2026-01-08,685.8651123046875,745.0,0.1178082191780822,0.035069999694824217,-0.05,0.235,2026-02-20,43,-0.07937568818162752
2026-01-08,685.8651123046875,760.0,0.1178082191780822,0.035069999694824217,-0.05,0.10500000000000001,2026-02-20,43,-0.09754590486225329
2026-01-08,685.8651123046875,634.0,0.136986301369863,0.035069999694824217,-0.04387072878799986,62.120000000000005,2026-02-27,50,0.0818061708275828
2026-01-08,685.8651123046875,648.0,0.136986301369863,0.035069999694824217,-0.04387072878799986,49.19,2026-02-27,50,0.05843381528501158
2026-01-08,685.8651123046875,662.0,0.136986301369863,0.035069999694824217,-0.04387072878799986,36.84,2026-02-27,50,0.03605001858714124
2026-01-08,685.8651123046875,669.0,0.136986301369863,0.035069999694824217,-0.04387072878799986,30.98,2026-02-27,50,0.025209435433015695
2026-01-08,685.8651123046875,676.0,0.136986301369863,0.035069999694824217,-0.04387072878799986,25.375,2026-02-27,50,0.014593361397466717
2026-01-08,685.8651123046875,683.0,0.136986301369863,0.035069999694824217,-0.04387072878799986,20.115000000000002,2026-02-27,50,0.004194893564696193
2026-01-08,685.8651123046875,690.0,0.136986301369863,0.035069999694824217,-0.04387072878799986,15.33,2026-02-27,50,-0.005992590862771739
2026-01-08,685.8651123046875,696.0,0.136986301369863,0.035069999694824217,-0.04387072878799986,11.705,2026-02-27,50,-0.014561620251885775
2026-01-08,685.8651123046875,703.0,0.136986301369863,0.035069999694824217,-0.04387072878799986,8.120000000000001,2026-02-27,50,-0.02437395120243599
2026-01-08,685.8651123046875,710.0,0.136986301369863,0.035069999694824217,-0.04387072878799986,5.33,2026-02-27,50,-0.033992799570862674
2026-01-08,685.8651123046875,717.0,0.136986301369863,0.035069999694824217,-0.04387072878799986,3.325,2026-02-27,50,-0.043423832211035567
2026-01-08,685.8651123046875,731.0,0.136986301369863,0.035069999694824217,-0.04387072878799986,1.14,2026-02-27,50,-0.06174403241492818
2026-01-08,685.8651123046875,745.0,0.136986301369863,0.035069999694824217,-0.04387072878799986,0.385,2026-02-27,50,-0.07937568818162752
2026-01-08,685.8651123046875,760.0,0.136986301369863,0.035069999694824217,-0.04387072878799986,0.155,2026-02-27,50,-0.09754590486225329
2026-01-15,688.5806884765625,637.0,0.1178082191780822,0.03565000057220459,-0.04811385518924141,60.835,2026-02-27,43,0.08097439321281397
2026-01-15,688.5806884765625,651.0,0.1178082191780822,0.03565000057220459,-0.04811385518924141,47.894999999999996,2026-02-27,43,0.057727632068452384
2026-01-15,688.5806884765625,665.0,0.1178082191780822,0.03565000057220459,-0.04811385518924141,35.480000000000004,2026-02-27,43,0.035459681919642855
2026-01-15,688.5806884765625,671.0,0.1178082191780822,0.03565000057220459,-0.04811385518924141,30.41,2026-02-27,43,0.026200727982954544
2026-01-15,688.5806884765625,678.0,0.1178082191780822,0.03565000057220459,-0.04811385518924141,24.705,2026-02-27,43,0.015605735216168879
2026-01-15,688.5806884765625,685.0,0.1178082191780822,0.03565000057220459,-0.04811385518924141,19.345,2026-02-27,43,0.005227282447536496
2026-01-15,688.5806884765625,692.0,0.1178082191780822,0.03565000057220459,-0.04811385518924141,14.44,2026-02-27,43,-0.004941201623464595
2026-01-15,688.5806884765625,699.0,0.1178082191780822,0.03565000057220459,-0.04811385518924141,10.2,2026-02-27,43,-0.014906025069295422
2026-01-15,688.5806884765625,706.0,0.1178082191780822,0.03565000057220459,-0.04811385518924141,6.695,2026-02-27,43,-0.024673245783905808
2026-01-15,688.5806884765625,713.0,0.1178082191780822,0.03565000057220459,-0.04811385518924141,4.07,2026-02-27,43,-0.03424868376358696
2026-01-15,688.5806884765625,720.0,0.1178082191780822,0.03565000057220459,-0.04811385518924141,2.3,2026-02-27,43,-0.04363793267144097
2026-01-15,688.5806884765625,734.0,0.1178082191780822,0.03565000057220459,-0.04811385518924141,0.65,2026-02-27,43,-0.06187917101285763
2026-01-15,688.5806884765625,750.0,0.1178082191780822,0.03565000057220459,-0.04811385518924141,0.175,2026-02-27,43,-0.08189241536458333
2026-01-15,688.5806884765625,760.0,0.1178082191780822,0.03565000057220459,-0.04811385518924141,0.10500000000000001,2026-02-27,43,-0.0939727783203125
2026-01-15,688.5806884765625,635.0,0.17534246575342466,0.03565000057220459,-0.02736803796842012,65.72,2026-03-20,64,0.08437903697096456
2026-01-15,688.5806884765625,650.0,0.17534246575342466,0.03565000057220459,-0.02736803796842012,52.19,2026-03-20,64,0.05935490534855769
2026-01-15,688.5806884765625,665.0,0.17534246575342466,0.03565000057220459,-0.02736803796842012,39.28,2026-03-20,64,0.035459681919642855
2026-01-15,688.5806884765625,670.0,0.17534246575342466,0.03565000057220459,-0.02736803796842012,35.135,2026-03-20,64,0.027732370860541044
2026-01-15,688.5806884765625,680.0,0.17534246575342466,0.03565000057220459,-0.02736803796842012,27.245,2026-03-20,64,0.012618659524356618
2026-01-15,688.5806884765625,685.0,0.17534246575342466,0.03565000057220459,-0.02736803796842012,23.535,2026-03-20,64,0.005227282447536496
2026-01-15,688.5806884765625,690.0,0.17534246575342466,0.03565000057220459,-0.02736803796842012,20.0,2026-03-20,64,-0.0020569732223731886
2026-01-15,688.5806884765625,700.0,0.17534246575342466,0.03565000057220459,-0.02736803796842012,13.7,2026-03-20,64,-0.016313302176339285
2026-01-15,688.5806884765625,705.0,0.17534246575342466,0.03565000057220459,-0.02736803796842012,10.98,2026-03-20,64,-0.02328980357934397
2026-01-15,688.5806884765625,715.0,0.17534246575342466,0.03565000057220459,-0.02736803796842012,6.58,2026-03-20,64,-0.03695008604676574
2026-01-15,688.5806884765625,720.0,0.17534246575342466,0.03565000057220459,-0.02736803796842012,4.915,2026-03-20,64,-0.04363793267144097
2026-01-15,688.5806884765625,735.0,0.17534246575342466,0.03565000057220459,-0.02736803796842012,1.8450000000000002,2026-03-20,64,-0.06315552588222789
2026-01-15,688.5806884765625,750.0,0.17534246575342466,0.03565000057220459,-0.02736803796842012,0.655,2026-03-20,64,-0.08189241536458333
2026-01-15,688.5806884765625,760.0,0.17534246575342466,0.03565000057220459,-0.02736803796842012,0.345,2026-03-20,64,-0.0939727783203125
2026-01-22,685.3379516601562,634.0,0.09863013698630137,0.03588000059127808,-0.05,59.58,2026-02-27,36,0.08097468716112974
2026-01-22,685.3379516601562,648.0,0.09863013698630137,0.03588000059127808,-0.05,46.53,2026-02-27,36,0.05762029577184607
2026-01-22,685.3379516601562,661.0,0.09863013698630137,0.03588000059127808,-0.05,34.915,2026-02-27,36,0.03681989661143154
2026-01-22,685.3379516601562,668.0,0.09863013698630137,0.03588000059127808,-0.05,28.965,2026-02-27,36,0.025955017455323727
2026-01-22,685.3379516601562,675.0,0.09863013698630137,0.03588000059127808,-0.05,23.275,2026-02-27,36,0.015315483940972222
2026-01-22,685.3379516601562,682.0,0.09863013698630137,0.03588000059127808,-0.05,17.97,2026-02-27,36,0.004894357272956378
2026-01-22,685.3379516601562,689.0,0.09863013698630137,0.03588000059127808,-0.05,13.145,2026-02-27,36,-0.005315019361166546
2026-01-22,685.3379516601562,696.0,0.09863013698630137,0.03588000059127808,-0.05,9.0,2026-02-27,36,-0.01531903497103987
2026-01-22,685.3379516601562,703.0,0.09863013698630137,0.03588000059127808,-0.05,5.6899999999999995,2026-02-27,36,-0.025123824096506046
2026-01-22,685.3379516601562,710.0,0.09863013698630137,0.03588000059127808,-0.05,3.3049999999999997,2026-02-27,36,-0.034735279351892606
2026-01-22,685.3379516601562,717.0,0.09863013698630137,0.03588000059127808,-0.05,1.77,2026-02-27,36,-0.0441590632354864
2026-01-22,685.3379516601562,730.0,0.09863013698630137,0.03588000059127808,-0.05,0.5,2026-02-27,36,-0.06118088813677226
2026-01-22,685.3379516601562,745.0,0.09863013698630137,0.03588000059127808,-0.05,0.135,2026-02-27,36,-0.08008328636220638
2026-01-22,685.3379516601562,760.0,0.09863013698630137,0.03588000059127808,-0.05,0.055,2026-02-27,36,-0.0982395372892681
2026-01-22,685.3379516601562,635.0,0.15616438356164383,0.03588000059127808,-0.030231074361279683,61.644999999999996,2026-03-20,57,0.0792723648191437
2026-01-22,685.3379516601562,650.0,0.15616438356164383,0.03588000059127808,-0.030231074361279683,48.17,2026-03-20,57,0.05436607947716346
2026-01-22,685.3379516601562,661.0,0.15616438356164383,0.03588000059127808,-0.030231074361279683,38.715,2026-03-20,57,0.03681989661143154
2026-01-22,685.3379516601562,668.0,0.15616438356164383,0.03588000059127808,-0.030231074361279683,32.94,2026-03-20,57,0.025955017455323727
2026-01-22,685.3379516601562,675.0,0.15616438356164383,0.03588000059127808,-0.030231074361279683,27.43,2026-03-20,57,0.015315483940972222
2026-01-22,685.3379516601562,682.0,0.15616438356164383,0.03588000059127808,-0.030231074361279683,22.22,2026-03-20,57,0.004894357272956378
2026-01-22,685.3379516601562,689.0,0.15616438356164383,0.03588000059127808,-0.030231074361279683,17.405,2026-03-20,57,-0.005315019361166546
2026-01-22,685.3379516601562,696.0,0.15616438356164383,0.03588000059127808,-0.030231074361279683,13.115,2026-03-20,57,-0.01531903497103987
2026-01-22,685.3379516601562,703.0,0.15616438356164383,0.03588000059127808,-0.030231074361279683,9.435,2026-03-20,57,-0.025123824096506046
2026-01-22,685.3379516601562,710.0,0.15616438356164383,0.03588000059127808,-0.030231074361279683,6.470000000000001,2026-03-20,57,-0.034735279351892606
2026-01-22,685.3379516601562,715.0,0.15616438356164383,0.03588000059127808,-0.030231074361279683,4.795,2026-03-20,57,-0.04148538229348776
2026-01-22,685.3379516601562,730.0,0.15616438356164383,0.03588000059127808,-0.030231074361279683,1.74,2026-03-20,57,-0.06118088813677226
2026-01-22,685.3379516601562,745.0,0.15616438356164383,0.03588000059127808,-0.030231074361279683,0.595,2026-03-20,57,-0.08008328636220638
2026-01-22,685.3379516601562,760.0,0.15616438356164383,0.03588000059127808,-0.030231074361279683,0.225,2026-03-20,57,-0.0982395372892681
2026-01-29,690.3711547851562,640.0,0.09863013698630137,0.035799999237060544,-0.05,59.115,2026-03-06,36,0.07870492935180665
2026-01-29,690.3711547851562,650.0,0.09863013698630137,0.035799999237060544,-0.05,49.85,2026-03-06,36,0.06210946890024038
2026-01-29,690.3711547851562,666.0,0.09863013698630137,0.035799999237060544,-0.05,35.61,2026-03-06,36,0.036593325503237614
2026-01-29,690.3711547851562,673.0,0.09863013698630137,0.035799999237060544,-0.05,29.705,2026-03-06,36,0.025811522711970653
2026-01-29,690.3711547851562,680.0,0.09863013698630137,0.035799999237060544,-0.05,24.015,2026-03-06,36,0.015251698213465073
2026-01-29,690.3711547851562,687.0,0.09863013698630137,0.035799999237060544,-0.05,18.705,2026-03-06,36,0.004907066645060043
2026-01-29,690.3711547851562,694.0,0.09863013698630137,0.035799999237060544,-0.05,13.82,2026-03-06,36,-0.005228883594875721
2026-01-29,690.3711547851562,701.0,0.09863013698630137,0.035799999237060544,-0.05,9.52,2026-03-06,36,-0.015162404015468972
2026-01-29,690.3711547851562,708.0,0.09863013698630137,0.035799999237060544,-0.05,6.050000000000001,2026-03-06,36,-0.024899498891022245
2026-01-29,690.3711547851562,715.0,0.09863013698630137,0.035799999237060544,-0.05,3.495,2026-03-06,36,-0.03444593736341783
2026-01-29,690.3711547851562,722.0,0.09863013698630137,0.035799999237060544,-0.05,1.86,2026-03-06,36,-0.04380726484050381
2026-01-29,690.3711547851562,735.0,0.09863013698630137,0.035799999237060544,-0.05,0.52,2026-03-06,36,-0.06071951729910714
2026-01-29,690.3711547851562,750.0,0.09863013698630137,0.035799999237060544,-0.05,0.155,2026-03-06,36,-0.079505126953125
2026-01-29,690.3711547851562,765.0,0.09863013698630137,0.035799999237060544,-0.05,0.065,2026-03-06,36,-0.09755404603247549
2026-01-29,690.3711547851562,639.0,0.16712328767123288,0.035799999237060544,-0.020843279307251647,62.825,2026-03-31,61,0.08039304348224766
2026-01-29,690.3711547851562,652.0,0.16712328767123288,0.035799999237060544,-0.020843279307251647,51.235,2026-03-31,61,0.058851464394411426
2026-01-29,690.3711547851562,666.0,0.16712328767123288,0.035799999237060544,-0.020843279307251647,39.28,2026-03-31,61,0.036593325503237614
2026-01-29,690.3711547851562,673.0,0.16712328767123288,0.035799999237060544,-0.020843279307251647,33.545,2026-03-31,61,0.025811522711970653
2026-01-29,690.3711547851562,680.0,0.16712328767123288,0.035799999237060544,-0.020843279307251647,28.075000000000003,2026-03-31,61,0.015251698213465073
2026-01-29,690.3711547851562,687.0,0.16712328767123288,0.035799999237060544,-0.020843279307251647,22.875,2026-03-31,61,0.004907066645060043
2026-01-29,690.3711547851562,694.0,0.16712328767123288,0.035799999237060544,-0.020843279307251647,18.04,2026-03-31,61,-0.005228883594875721
2026-01-29,690.3711547851562,701.0,0.16712328767123288,0.035799999237060544,-0.020843279307251647,13.705,2026-03-31,61,-0.015162404015468972
2026-01-29,690.3711547851562,708.0,0.16712328767123288,0.035799999237060544,-0.020843279307251647,9.965,2026-03-31,61,-0.024899498891022245
2026-01-29,690.3711547851562,715.0,0.16712328767123288,0.035799999237060544,-0.020843279307251647,6.91,2026-03-31,61,-0.03444593736341783
2026-01-29,690.3711547851562,722.0,0.16712328767123288,0.035799999237060544,-0.020843279307251647,4.58,2026-03-31,61,-0.04380726484050381
2026-01-29,690.3711547851562,736.0,0.16712328767123288,0.035799999237060544,-0.020843279307251647,1.815,2026-03-31,61,-0.06199571360712466
2026-01-29,690.3711547851562,750.0,0.16712328767123288,0.035799999237060544,-0.020843279307251647,0.6950000000000001,2026-03-31,61,-0.079505126953125
2026-01-29,690.3711547851562,765.0,0.16712328767123288,0.035799999237060544,-0.020843279307251647,0.28500000000000003,2026-03-31,61,-0.09755404603247549
2026-02-05,674.0379638671875,625.0,0.1178082191780822,0.03578000068664551,-0.02621854444294603,58.894999999999996,2026-03-20,43,0.0784607421875
2026-02-05,674.0379638671875,635.0,0.1178082191780822,0.03578000068664551,-0.02621854444294603,50.55,2026-03-20,43,0.06147710845226378
2026-02-05,674.0379638671875,651.0,0.1178082191780822,0.03578000068664551,-0.02621854444294603,37.195,2026-03-20,43,0.03538857736895161
2026-02-05,674.0379638671875,657.0,0.1178082191780822,0.03578000068664551,-0.02621854444294603,32.47,2026-03-20,43,0.025932973922659818
2026-02-05,674.0379638671875,664.0,0.1178082191780822,0.03578000068664551,-0.02621854444294603,27.17,2026-03-20,43,0.015117415462631777
2026-02-05,674.0379638671875,671.0,0.1178082191780822,0.03578000068664551,-0.02621854444294603,22.155,2026-03-20,43,0.004527516940666915
2026-02-05,674.0379638671875,678.0,0.1178082191780822,0.03578000068664551,-0.02621854444294603,17.485,2026-03-20,43,-0.00584371111034292
2026-02-05,674.0379638671875,684.0,0.1178082191780822,0.03578000068664551,-0.02621854444294603,13.850000000000001,2026-03-20,43,-0.014564380311129386
2026-02-05,674.0379638671875,691.0,0.1178082191780822,0.03578000068664551,-0.02621854444294603,10.100000000000001,2026-03-20,43,-0.0245470855757055
2026-02-05,674.0379638671875,698.0,0.1178082191780822,0.03578000068664551,-0.02621854444294603,6.955,2026-03-20,43,-0.034329564660189826
2026-02-05,674.0379638671875,705.0,0.1178082191780822,0.03578000068664551,-0.02621854444294603,4.475,2026-03-20,43,-0.04391778174867021
2026-02-05,674.0379638671875,718.0,0.1178082191780822,0.03578000068664551,-0.02621854444294603,1.67,2026-03-20,43,-0.061228462580518804
2026-02-05,674.0379638671875,730.0,0.1178082191780822,0.03578000068664551,-0.02621854444294603,0.62,2026-03-20,43,-0.07666032346960616
2026-02-05,674.0379638671875,745.0,0.1178082191780822,0.03578000068664551,-0.02621854444294603,0.20500000000000002,2026-03-20,43,-0.09525105521182886
2026-02-05,674.0379638671875,623.0,0.14794520547945206,0.03578000068664551,-0.01249877366493303,61.974999999999994,2026-03-31,54,0.08192289545294944
2026-02-05,674.0379638671875,637.0,0.14794520547945206,0.03578000068664551,-0.01249877366493303,49.86,2026-03-31,54,0.058144370278159344
2026-02-05,674.0379638671875,651.0,0.14794520547945206,0.03578000068664551,-0.01249877366493303,38.38,2026-03-31,54,0.03538857736895161
2026-02-05,674.0379638671875,657.0,0.14794520547945206,0.03578000068664551,-0.01249877366493303,33.685,2026-03-31,54,0.025932973922659818
2026-02-05,674.0379638671875,664.0,0.14794520547945206,0.03578000068664551,-0.01249877366493303,28.45,2026-03-31,54,0.015117415462631777
2026-02-05,674.0379638671875,671.0,0.14794520547945206,0.03578000068664551,-0.01249877366493303,23.485,2026-03-31,54,0.004527516940666915
2026-02-05,674.0379638671875,678.0,0.14794520547945206,0.03578000068664551,-0.01249877366493303,18.84,2026-03-31,54,-0.00584371111034292
2026-02-05,674.0379638671875,684.0,0.14794520547945206,0.03578000068664551,-0.01249877366493303,15.2,2026-03-31,54,-0.014564380311129386
2026-02-05,674.0379638671875,691.0,0.14794520547945206,0.03578000068664551,-0.01249877366493303,11.41,2026-03-31,54,-0.0245470855757055
2026-02-05,674.0379638671875,698.0,0.14794520547945206,0.03578000068664551,-0.01249877366493303,8.170000000000002,2026-03-31,54,-0.034329564660189826
2026-02-05,674.0379638671875,705.0,0.14794520547945206,0.03578000068664551,-0.01249877366493303,5.55,2026-03-31,54,-0.04391778174867021
2026-02-05,674.0379638671875,718.0,0.14794520547945206,0.03578000068664551,-0.01249877366493303,2.36,2026-03-31,54,-0.061228462580518804
2026-02-05,674.0379638671875,732.0,0.14794520547945206,0.03578000068664551,-0.01249877366493303,0.845,2026-03-31,54,-0.07918310947105532
2026-02-05,674.0379638671875,745.0,0.14794520547945206,0.03578000068664551,-0.01249877366493303,0.33999999999999997,2026-03-31,54,-0.09525105521182886
2026-02-12,677.668701171875,627.0,0.1178082191780822,0.035980000495910644,-0.03619538453157513,61.135,2026-03-27,43,0.08081132563297448
2026-02-12,677.668701171875,640.0,0.1178082191780822,0.035980000495910644,-0.03619538453157513,49.51,2026-03-27,43,0.05885734558105469
2026-02-12,677.668701171875,654.0,0.1178082191780822,0.035980000495910644,-0.03619538453157513,37.605000000000004,2026-03-27,43,0.036190674574732414
2026-02-12,677.668701171875,661.0,0.1178082191780822,0.035980000495910644,-0.03619538453157513,31.939999999999998,2026-03-27,43,0.025217399654878972
2026-02-12,677.668701171875,668.0,0.1178082191780822,0.035980000495910644,-0.03619538453157513,26.5,2026-03-27,43,0.014474103550711078
2026-02-12,677.668701171875,674.0,0.1178082191780822,0.035980000495910644,-0.03619538453157513,22.11,2026-03-27,43,0.00544317681287092
2026-02-12,677.668701171875,681.0,0.1178082191780822,0.035980000495910644,-0.03619538453157513,17.405,2026-03-27,43,-0.004891775078010279
2026-02-12,677.668701171875,688.0,0.1178082191780822,0.035980000495910644,-0.03619538453157513,13.059999999999999,2026-03-27,43,-0.015016422715297965
2026-02-12,677.668701171875,695.0,0.1178082191780822,0.035980000495910644,-0.03619538453157513,9.275,2026-03-27,43,-0.024937120616007193
2026-02-12,677.668701171875,702.0,0.1178082191780822,0.035980000495910644,-0.03619538453157513,6.175000000000001,2026-03-27,43,-0.0346599698406339
2026-02-12,677.668701171875,710.0,0.1178082191780822,0.035980000495910644,-0.03619538453157513,3.535,2026-03-27,43,-0.045537040602992955
2026-02-12,677.668701171875,720.0,0.1178082191780822,0.035980000495910644,-0.03619538453157513,1.565,2026-03-27,43,-0.05879347059461806
2026-02-12,677.668701171875,735.0,0.1178082191780822,0.035980000495910644,-0.03619538453157513,0.44,2026-03-27,43,-0.07800176711309524
2026-02-12,677.668701171875,750.0,0.1178082191780822,0.035980000495910644,-0.03619538453157513,0.16,2026-03-27,43,-0.09644173177083333
2026-02-12,677.668701171875,625.0,0.17534246575342466,0.035980000495910644,-0.02087075669788767,65.59,2026-04-17,64,0.084269921875
2026-02-12,677.668701171875,640.0,0.17534246575342466,0.035980000495910644,-0.02087075669788767,52.59,2026-04-17,64,0.05885734558105469
2026-02-12,677.668701171875,654.0,0.17534246575342466,0.035980000495910644,-0.02087075669788767,41.035,2026-04-17,64,0.036190674574732414
2026-02-12,677.668701171875,661.0,0.17534246575342466,0.035980000495910644,-0.02087075669788767,35.55,2026-04-17,64,0.025217399654878972
2026-02-12,677.668701171875,668.0,0.17534246575342466,0.035980000495910644,-0.02087075669788767,30.275,2026-04-17,64,0.014474103550711078
2026-02-12,677.668701171875,674.0,0.17534246575342466,0.035980000495910644,-0.02087075669788767,25.97,2026-04-17,64,0.00544317681287092
2026-02-12,677.668701171875,681.0,0.17534246575342466,0.035980000495910644,-0.02087075669788767,21.3,2026-04-17,64,-0.004891775078010279
2026-02-12,677.668701171875,688.0,0.17534246575342466,0.035980000495910644,-0.02087075669788767,16.945,2026-04-17,64,-0.015016422715297965
2026-02-12,677.668701171875,695.0,0.17534246575342466,0.035980000495910644,-0.02087075669788767,13.025,2026-04-17,64,-0.024937120616007193
2026-02-12,677.668701171875,702.0,0.17534246575342466,0.035980000495910644,-0.02087075669788767,9.620000000000001,2026-04-17,64,-0.0346599698406339
2026-02-12,677.668701171875,709.0,0.17534246575342466,0.035980000495910644,-0.02087075669788767,6.8100000000000005,2026-04-17,64,-0.044190830505112834
2026-02-12,677.668701171875,722.0,0.17534246575342466,0.035980000495910644,-0.02087075669788767,3.19,2026-04-17,64,-0.061400690897680056
2026-02-12,677.668701171875,736.0,0.17534246575342466,0.035980000495910644,-0.02087075669788767,1.25,2026-04-17,64,-0.07925448210343071
2026-02-12,677.668701171875,749.0,0.17534246575342466,0.035980000495910644,-0.02087075669788767,0.525,2026-04-17,64,-0.095235378942757
2026-02-26,685.6561889648438,635.0,0.0958904109589041,0.03588000059127808,-0.02692194407051296,58.085,2026-04-02,35,0.0797735259288878
2026-02-26,685.6561889648438,650.0,0.0958904109589041,0.03588000059127808,-0.02692194407051296,44.415000000000006,2026-04-02,35,0.05485567533052885
2026-02-26,685.6561889648438,662.0,0.0958904109589041,0.03588000059127808,-0.02692194407051296,33.995000000000005,2026-04-02,35,0.035734424418192974
2026-02-26,685.6561889648438,669.0,0.0958904109589041,0.03588000059127808,-0.02692194407051296,28.18,2026-04-02,35,0.0248971434452074
2026-02-26,685.6561889648438,676.0,0.0958904109589041,0.03588000059127808,-0.02692194407051296,22.62,2026-04-02,35,0.014284303202431584
2026-02-26,685.6561889648438,682.0,0.0958904109589041,0.03588000059127808,-0.02692194407051296,18.134999999999998,2026-04-02,35,0.005360980886867668
2026-02-26,685.6561889648438,689.0,0.0958904109589041,0.03588000059127808,-0.02692194407051296,13.309999999999999,2026-04-02,35,-0.004853136480633164
2026-02-26,685.6561889648438,696.0,0.0958904109589041,0.03588000059127808,-0.02692194407051296,9.09,2026-04-02,35,-0.014861797464304957
2026-02-26,685.6561889648438,703.0,0.0958904109589041,0.03588000059127808,-0.02692194407051296,5.625,2026-04-02,35,-0.024671139452569345
2026-02-26,685.6561889648438,710.0,0.0958904109589041,0.03588000059127808,-0.02692194407051296,3.085,2026-04-02,35,-0.03428705779599472
2026-02-26,685.6561889648438,715.0,0.0958904109589041,0.03588000059127808,-0.02692194407051296,1.865,2026-04-02,35,-0.04104029515406468
2026-02-26,685.6561889648438,730.0,0.0958904109589041,0.03588000059127808,-0.02692194407051296,0.36,2026-04-02,35,-0.06074494662350171
2026-02-26,685.6561889648438,745.0,0.0958904109589041,0.03588000059127808,-0.02692194407051296,0.10500000000000001,2026-04-02,35,-0.0796561221948406
2026-02-26,685.6561889648438,760.0,0.0958904109589041,0.03588000059127808,-0.02692194407051296,0.05,2026-04-02,35,-0.09782080399362665
2026-02-26,685.6561889648438,635.0,0.136986301369863,0.03588000059127808,-0.018296225453484048,60.27,2026-04-17,50,0.0797735259288878
2026-02-26,685.6561889648438,650.0,0.136986301369863,0.03588000059127808,-0.018296225453484048,46.975,2026-04-17,50,0.05485567533052885
2026-02-26,685.6561889648438,662.0,0.136986301369863,0.03588000059127808,-0.018296225453484048,36.805,2026-04-17,50,0.035734424418192974
2026-02-26,685.6561889648438,669.0,0.136986301369863,0.03588000059127808,-0.018296225453484048,31.14,2026-04-17,50,0.0248971434452074
2026-02-26,685.6561889648438,676.0,0.136986301369863,0.03588000059127808,-0.018296225453484048,25.725,2026-04-17,50,0.014284303202431584
2026-02-26,685.6561889648438,682.0,0.136986301369863,0.03588000059127808,-0.018296225453484048,21.295,2026-04-17,50,0.005360980886867668
2026-02-26,685.6561889648438,689.0,0.136986301369863,0.03588000059127808,-0.018296225453484048,16.53,2026-04-17,50,-0.004853136480633164
2026-02-26,685.6561889648438,696.0,0.136986301369863,0.03588000059127808,-0.018296225453484048,12.225000000000001,2026-04-17,50,-0.014861797464304957
2026-02-26,685.6561889648438,703.0,0.136986301369863,0.03588000059127808,-0.018296225453484048,8.52,2026-04-17,50,-0.024671139452569345
2026-02-26,685.6561889648438,710.0,0.136986301369863,0.03588000059127808,-0.018296225453484048,5.5600000000000005,2026-04-17,50,-0.03428705779599472
2026-02-26,685.6561889648438,717.0,0.136986301369863,0.03588000059127808,-0.018296225453484048,3.37,2026-04-17,50,-0.043715217622254186
2026-02-26,685.6561889648438,731.0,0.136986301369863,0.03588000059127808,-0.018296225453484048,1.0550000000000002,2026-04-17,50,-0.06202983725739569
2026-02-26,685.6561889648438,744.0,0.136986301369863,0.03588000059127808,-0.018296225453484048,0.365,2026-04-17,50,-0.07841910085370464
2026-02-26,685.6561889648438,760.0,0.136986301369863,0.03588000059127808,-0.018296225453484048,0.135,2026-04-17,50,-0.09782080399362665
2026-03-05,677.7084350585938,630.0,0.1178082191780822,0.03588000059127808,-0.04823726830433814,59.64,2026-04-17,43,0.07572767469618055
2026-03-05,677.7084350585938,645.0,0.1178082191780822,0.03588000059127808,-0.04823726830433814,46.495,2026-04-17,43,0.05071075202882752
2026-03-05,677.7084350585938,658.0,0.1178082191780822,0.03588000059127808,-0.04823726830433814,35.655,2026-04-17,43,0.029952028964428192
2026-03-05,677.7084350585938,665.0,0.1178082191780822,0.03588000059127808,-0.04823726830433814,30.09,2026-04-17,43,0.019110428659539474
2026-03-05,677.7084350585938,671.0,0.1178082191780822,0.03588000059127808,-0.04823726830433814,25.525,2026-04-17,43,0.009997667747531669
2026-03-05,677.7084350585938,678.0,0.1178082191780822,0.03588000059127808,-0.04823726830433814,20.48,2026-04-17,43,-0.000430036786734882
2026-03-05,677.7084350585938,685.0,0.1178082191780822,0.03588000059127808,-0.04823726830433814,15.795,2026-04-17,43,-0.010644620352417884
2026-03-05,677.7084350585938,692.0,0.1178082191780822,0.03588000059127808,-0.04823726830433814,11.57,2026-04-17,43,-0.02065255049336163
2026-03-05,677.7084350585938,699.0,0.1178082191780822,0.03588000059127808,-0.04823726830433814,7.945,2026-04-17,43,-0.030460035681554004
2026-03-05,677.7084350585938,706.0,0.1178082191780822,0.03588000059127808,-0.04823726830433814,5.01,2026-04-17,43,-0.04007303816063208
2026-03-05,677.7084350585938,713.0,0.1178082191780822,0.03588000059127808,-0.04823726830433814,2.875,2026-04-17,43,-0.04949728603282784
2026-03-05,677.7084350585938,726.0,0.1178082191780822,0.03588000059127808,-0.04823726830433814,0.815,2026-04-17,43,-0.0665173070818268
2026-03-05,677.7084350585938,740.0,0.1178082191780822,0.03588000059127808,-0.04823726830433814,0.215,2026-04-17,43,-0.0841777904613598
2026-03-05,677.7084350585938,617.0,0.15342465753424658,0.03588000059127808,-0.03626349043285032,73.415,2026-04-30,56,0.09839292554067058
2026-03-05,677.7084350585938,630.0,0.15342465753424658,0.03588000059127808,-0.03626349043285032,61.8,2026-04-30,56,0.07572767469618055
2026-03-05,677.7084350585938,644.0,0.15342465753424658,0.03588000059127808,-0.03626349043285032,49.7,2026-04-30,56,0.05234229046365489
2026-03-05,677.7084350585938,658.0,0.15342465753424658,0.03588000059127808,-0.03626349043285032,38.19,2026-04-30,56,0.029952028964428192
2026-03-05,677.7084350585938,665.0,0.15342465753424658,0.03588000059127808,-0.03626349043285032,32.725,2026-04-30,56,0.019110428659539474
2026-03-05,677.7084350585938,671.0,0.15342465753424658,0.03588000059127808,-0.03626349043285032,28.185000000000002,2026-04-30,56,0.009997667747531669
2026-03-05,677.7084350585938,678.0,0.15342465753424658,0.03588000059127808,-0.03626349043285032,23.189999999999998,2026-04-30,56,-0.000430036786734882
2026-03-05,677.7084350585938,685.0,0.15342465753424658,0.03588000059127808,-0.03626349043285032,18.5,2026-04-30,56,-0.010644620352417884
2026-03-05,677.7084350585938,692.0,0.15342465753424658,0.03588000059127808,-0.03626349043285032,14.215,2026-04-30,56,-0.02065255049336163
2026-03-05,677.7084350585938,699.0,0.15342465753424658,0.03588000059127808,-0.03626349043285032,10.435,2026-04-30,56,-0.030460035681554004
2026-03-05,677.7084350585938,706.0,0.15342465753424658,0.03588000059127808,-0.03626349043285032,7.23,2026-04-30,56,-0.04007303816063208
2026-03-05,677.7084350585938,713.0,0.15342465753424658,0.03588000059127808,-0.03626349043285032,4.710000000000001,2026-04-30,56,-0.04949728603282784
2026-03-05,677.7084350585938,726.0,0.15342465753424658,0.03588000059127808,-0.03626349043285032,1.7850000000000001,2026-04-30,56,-0.0665173070818268
2026-03-05,677.7084350585938,740.0,0.15342465753424658,0.03588000059127808,-0.03626349043285032,0.545,2026-04-30,56,-0.0841777904613598
2026-03-12,662.5390625,615.0,0.1178082191780822,0.036050000190734864,-0.02556527021196666,59.47,2026-04-24,43,0.07729928861788618
2026-03-12,662.5390625,626.0,0.1178082191780822,0.036050000190734864,-0.02556527021196666,50.2,2026-04-24,43,0.05836910942492013
2026-03-12,662.5390625,639.0,0.1178082191780822,0.036050000190734864,-0.02556527021196666,39.75,2026-04-24,43,0.03683734350547731
2026-03-12,662.5390625,646.0,0.1178082191780822,0.036050000190734864,-0.02556527021196666,34.42,2026-04-24,43,0.025602263931888546
2026-03-12,662.5390625,653.0,0.1178082191780822,0.036050000190734864,-0.02556527021196666,29.310000000000002,2026-04-24,43,0.014608058958652373
2026-03-12,662.5390625,659.0,0.1178082191780822,0.036050000190734864,-0.02556527021196666,25.155,2026-04-24,43,0.005370352807283763
2026-03-12,662.5390625,666.0,0.1178082191780822,0.036050000190734864,-0.02556527021196666,20.575000000000003,2026-04-24,43,-0.005196602852852853
2026-03-12,662.5390625,673.0,0.1178082191780822,0.036050000190734864,-0.02556527021196666,16.3,2026-04-24,43,-0.015543740713224369
2026-03-12,662.5390625,679.0,0.1178082191780822,0.036050000190734864,-0.02556527021196666,12.96,2026-04-24,43,-0.02424291237113402
2026-03-12,662.5390625,686.0,0.1178082191780822,0.036050000190734864,-0.02556527021196666,9.504999999999999,2026-04-24,43,-0.03419961734693878
2026-03-12,662.5390625,692.5,0.1178082191780822,0.036050000190734864,-0.02556527021196666,6.785,2026-04-24,43,-0.0432648916967509
2026-03-12,662.5390625,706.0,0.1178082191780822,0.036050000190734864,-0.02556527021196666,2.8,2026-04-24,43,-0.061559401558073656
2026-03-12,662.5390625,720.0,0.1178082191780822,0.036050000190734864,-0.02556527021196666,0.84,2026-04-24,43,-0.0798068576388889
2026-03-12,662.5390625,735.0,0.1178082191780822,0.036050000190734864,-0.02556527021196666,0.22,2026-04-24,43,-0.09858630952380952
2026-03-12,662.5390625,613.0,0.13424657534246576,0.036050000190734864,-0.021337535755232902,62.3,2026-04-30,49,0.08081413132137032
2026-03-12,662.5390625,626.0,0.13424657534246576,0.036050000190734864,-0.021337535755232902,51.385000000000005,2026-04-30,49,0.05836910942492013
2026-03-12,662.5390625,639.0,0.13424657534246576,0.036050000190734864,-0.021337535755232902,41.035,2026-04-30,49,0.03683734350547731
2026-03-12,662.5390625,646.0,0.13424657534246576,0.036050000190734864,-0.021337535755232902,35.72,2026-04-30,49,0.025602263931888546
2026-03-12,662.5390625,653.0,0.13424657534246576,0.036050000190734864,-0.021337535755232902,30.645000000000003,2026-04-30,49,0.014608058958652373
2026-03-12,662.5390625,659.0,0.13424657534246576,0.036050000190734864,-0.021337535755232902,26.490000000000002,2026-04-30,49,0.005370352807283763
2026-03-12,662.5390625,666.0,0.13424657534246576,0.036050000190734864,-0.021337535755232902,21.89,2026-04-30,49,-0.005196602852852853
2026-03-12,662.5390625,673.0,0.13424657534246576,0.036050000190734864,-0.021337535755232902,17.615000000000002,2026-04-30,49,-0.015543740713224369
2026-03-12,662.5390625,679.0,0.13424657534246576,0.036050000190734864,-0.021337535755232902,14.239999999999998,2026-04-30,49,-0.02424291237113402
2026-03-12,662.5390625,686.0,0.13424657534246576,0.036050000190734864,-0.021337535755232902,10.719999999999999,2026-04-30,49,-0.03419961734693878
2026-03-12,662.5390625,693.0,0.13424657534246576,0.036050000190734864,-0.021337535755232902,7.715,2026-04-30,49,-0.04395517676767677
2026-03-12,662.5390625,706.0,0.13424657534246576,0.036050000190734864,-0.021337535755232902,3.62,2026-04-30,49,-0.061559401558073656
2026-03-12,662.5390625,719.0,0.13424657534246576,0.036050000190734864,-0.021337535755232902,1.37,2026-04-30,49,-0.07852703407510431
2026-03-12,662.5390625,733.0,0.13424657534246576,0.036050000190734864,-0.021337535755232902,0.405,2026-04-30,49,-0.09612679058663029
2026-03-19,656.3121337890625,605.0,0.11506849315068493,0.036119999885559084,-0.005498967825395731,60.894999999999996,2026-04-30,42,0.08481344427944215
2026-03-19,656.3121337890625,620.0,0.11506849315068493,0.036119999885559084,-0.005498967825395731,48.215,2026-04-30,42,0.05856795772429436
2026-03-19,656.3121337890625,633.0,0.11506849315068493,0.036119999885559084,-0.005498967825395731,37.815,2026-04-30,42,0.036828015464553714
2026-03-19,656.3121337890625,640.0,0.11506849315068493,0.036119999885559084,-0.005498967825395731,32.535,2026-04-30,42,0.025487709045410156
2026-03-19,656.3121337890625,647.0,0.11506849315068493,0.036119999885559084,-0.005498967825395731,27.505000000000003,2026-04-30,42,0.014392787927453632
2026-03-19,656.3121337890625,653.0,0.11506849315068493,0.036119999885559084,-0.005498967825395731,23.41,2026-04-30,42,0.00507218038141271
2026-03-19,656.3121337890625,660.0,0.11506849315068493,0.036119999885559084,-0.005498967825395731,18.895,2026-04-30,42,-0.00558767607717803
2026-03-19,656.3121337890625,666.0,0.11506849315068493,0.036119999885559084,-0.005498967825395731,15.32,2026-04-30,42,-0.014546345662068319
2026-03-19,656.3121337890625,673.0,0.11506849315068493,0.036119999885559084,-0.005498967825395731,11.54,2026-04-30,42,-0.024796235083116642
2026-03-19,656.3121337890625,680.0,0.11506849315068493,0.036119999885559084,-0.005498967825395731,8.254999999999999,2026-04-30,42,-0.034835097369025736
2026-03-19,656.3121337890625,686.0,0.11506849315068493,0.036119999885559084,-0.005498967825395731,5.904999999999999,2026-04-30,42,-0.04327677290224125
2026-03-19,656.3121337890625,699.0,0.11506849315068493,0.036119999885559084,-0.005498967825395731,2.37,2026-04-30,42,-0.061069908742399856
2026-03-19,656.3121337890625,713.0,0.11506849315068493,0.036119999885559084,-0.005498967825395731,0.71,2026-04-30,42,-0.0795061237180049
2026-03-19,656.3121337890625,726.0,0.11506849315068493,0.036119999885559084,-0.005498967825395731,0.235,2026-04-30,42,-0.0959887964337982
2026-03-19,656.3121337890625,605.0,0.15616438356164383,0.036119999885559084,-0.005271500661331925,64.13,2026-05-15,57,0.08481344427944215
2026-03-19,656.3121337890625,620.0,0.15616438356164383,0.036119999885559084,-0.005271500661331925,51.665,2026-05-15,57,0.05856795772429436
2026-03-19,656.3121337890625,635.0,0.15616438356164383,0.036119999885559084,-0.005271500661331925,39.95,2026-05-15,57,0.03356241541584646
2026-03-19,656.3121337890625,640.0,0.15616438356164383,0.036119999885559084,-0.005271500661331925,36.185,2026-05-15,57,0.025487709045410156
2026-03-19,656.3121337890625,645.0,0.15616438356164383,0.036119999885559084,-0.005271500661331925,32.58,2026-05-15,57,0.01753819192102713
2026-03-19,656.3121337890625,653.0,0.15616438356164383,0.036119999885559084,-0.005271500661331925,27.11,2026-05-15,57,0.00507218038141271
2026-03-19,656.3121337890625,660.0,0.15616438356164383,0.036119999885559084,-0.005271500661331925,22.53,2026-05-15,57,-0.00558767607717803
2026-03-19,656.3121337890625,666.0,0.15616438356164383,0.036119999885559084,-0.005271500661331925,18.855,2026-05-15,57,-0.014546345662068319
2026-03-19,656.3121337890625,673.0,0.15616438356164383,0.036119999885559084,-0.005271500661331925,14.925,2026-05-15,57,-0.024796235083116642
2026-03-19,656.3121337890625,680.0,0.15616438356164383,0.036119999885559084,-0.005271500661331925,11.395,2026-05-15,57,-0.034835097369025736
2026-03-19,656.3121337890625,686.0,0.15616438356164383,0.036119999885559084,-0.005271500661331925,8.745000000000001,2026-05-15,57,-0.04327677290224125
2026-03-19,656.3121337890625,699.0,0.15616438356164383,0.036119999885559084,-0.005271500661331925,4.359999999999999,2026-05-15,57,-0.061069908742399856
2026-03-19,656.3121337890625,713.0,0.15616438356164383,0.036119999885559084,-0.005271500661331925,1.705,2026-05-15,57,-0.0795061237180049
2026-03-19,656.3121337890625,725.0,0.15616438356164383,0.036119999885559084,-0.005271500661331925,0.6950000000000001,2026-05-15,57,-0.0947418844288793
2026-03-26,643.432373046875,595.0,0.09863013698630137,0.03619999885559082,-0.03286125307122004,58.405,2026-05-01,36,0.0813989462972689
2026-03-26,643.432373046875,605.0,0.09863013698630137,0.03619999885559082,-0.03286125307122004,49.91,2026-05-01,36,0.06352458354855373
2026-03-26,643.432373046875,620.0,0.09863013698630137,0.03619999885559082,-0.03286125307122004,37.71,2026-05-01,36,0.03779415007560484
2026-03-26,643.432373046875,626.0,0.09863013698630137,0.03619999885559082,-0.03286125307122004,33.989999999999995,2026-05-01,36,0.0278472412889377
2026-03-26,643.432373046875,632.0,0.09863013698630137,0.03619999885559082,-0.03286125307122004,29.145,2026-05-01,36,0.01808919785897943
2026-03-26,643.432373046875,639.0,0.09863013698630137,0.03619999885559082,-0.03286125307122004,24.905,2026-05-01,36,0.006936421043622848
2026-03-26,643.432373046875,645.0,0.09863013698630137,0.03619999885559082,-0.03286125307122004,21.075,2026-05-01,36,-0.0024304293846899223
2026-03-26,643.432373046875,652.0,0.09863013698630137,0.03619999885559082,-0.03286125307122004,16.885,2026-05-01,36,-0.013140532136694786
2026-03-26,643.432373046875,658.0,0.09863013698630137,0.03619999885559082,-0.03286125307122004,13.59,2026-05-01,36,-0.022139250688639818
2026-03-26,643.432373046875,664.0,0.09863013698630137,0.03619999885559082,-0.03286125307122004,10.59,2026-05-01,36,-0.030975341796875
2026-03-26,643.432373046875,671.0,0.09863013698630137,0.03619999885559082,-0.03286125307122004,7.545,2026-05-01,36,-0.04108439188245157
2026-03-26,643.432373046875,684.0,0.09863013698630137,0.03619999885559082,-0.03286125307122004,3.32,2026-05-01,36,-0.05930939613029971
2026-03-26,643.432373046875,697.0,0.09863013698630137,0.03619999885559082,-0.03286125307122004,1.085,2026-05-01,36,-0.07685455803891679
2026-03-26,643.432373046875,710.0,0.09863013698630137,0.03619999885559082,-0.03286125307122004,0.33,2026-05-01,36,-0.09375722106073944
2026-03-26,643.432373046875,595.0,0.136986301369863,0.03619999885559082,-0.023248529705948276,61.41,2026-05-15,50,0.0813989462972689
2026-03-26,643.432373046875,605.0,0.136986301369863,0.03619999885559082,-0.023248529705948276,53.7,2026-05-15,50,0.06352458354855373
2026-03-26,643.432373046875,620.0,0.136986301369863,0.03619999885559082,-0.023248529705948276,41.915,2026-05-15,50,0.03779415007560484
2026-03-26,643.432373046875,625.0,0.136986301369863,0.03619999885559082,-0.023248529705948276,37.555,2026-05-15,50,0.029491796875
2026-03-26,643.432373046875,630.0,0.136986301369863,0.03619999885559082,-0.023248529705948276,34.58,2026-05-15,50,0.021321227058531747
2026-03-26,643.432373046875,640.0,0.136986301369863,0.03619999885559082,-0.023248529705948276,27.740000000000002,2026-05-15,50,0.005363082885742188
2026-03-26,643.432373046875,645.0,0.136986301369863,0.03619999885559082,-0.023248529705948276,24.495,2026-05-15,50,-0.0024304293846899223
2026-03-26,643.432373046875,652.0,0.136986301369863,0.03619999885559082,-0.023248529705948276,20.225,2026-05-15,50,-0.013140532136694786
2026-03-26,643.432373046875,658.0,0.136986301369863,0.03619999885559082,-0.023248529705948276,16.795,2026-05-15,50,-0.022139250688639818
2026-03-26,643.432373046875,664.0,0.136986301369863,0.03619999885559082,-0.023248529705948276,13.645,2026-05-15,50,-0.030975341796875
2026-03-26,643.432373046875,671.0,0.136986301369863,0.03619999885559082,-0.023248529705948276,10.34,2026-05-15,50,-0.04108439188245157
2026-03-26,643.432373046875,684.0,0.136986301369863,0.03619999885559082,-0.023248529705948276,5.465,2026-05-15,50,-0.05930939613029971
2026-03-26,643.432373046875,697.0,0.136986301369863,0.03619999885559082,-0.023248529705948276,2.38,2026-05-15,50,-0.07685455803891679
2026-03-26,643.432373046875,710.0,0.136986301369863,0.03619999885559082,-0.023248529705948276,0.89,2026-05-15,50,-0.09375722106073944
2026-04-02,654.144775390625,605.0,0.1178082191780822,0.03607000112533569,-0.015538762219689889,58.995000000000005,2026-05-15,43,0.0812310337035124
2026-04-02,654.144775390625,615.0,0.1178082191780822,0.03607000112533569,-0.015538762219689889,50.46,2026-05-15,43,0.0636500412855691
2026-04-02,654.144775390625,630.0,0.1178082191780822,0.03607000112533569,-0.015538762219689889,38.335,2026-05-15,43,0.03832504030257936
2026-04-02,654.144775390625,635.0,0.1178082191780822,0.03607000112533569,-0.015538762219689889,34.515,2026-05-15,43,0.030149252583661416
2026-04-02,654.144775390625,645.0,0.1178082191780822,0.03607000112533569,-0.015538762219689889,27.200000000000003,2026-05-15,43,0.014177946342054264
2026-04-02,654.144775390625,650.0,0.1178082191780822,0.03607000112533569,-0.015538762219689889,23.740000000000002,2026-05-15,43,0.0063765775240384615
2026-04-02,654.144775390625,656.0,0.1178082191780822,0.03607000112533569,-0.015538762219689889,19.805,2026-05-15,43,-0.0028280862947789634
2026-04-02,654.144775390625,662.0,0.1178082191780822,0.03607000112533569,-0.015538762219689889,16.115000000000002,2026-05-15,43,-0.01186589820147281
2026-04-02,654.144775390625,669.0,0.1178082191780822,0.03607000112533569,-0.015538762219689889,12.16,2026-05-15,43,-0.022205118997571
2026-04-02,654.144775390625,676.0,0.1178082191780822,0.03607000112533569,-0.015538762219689889,8.7,2026-05-15,43,-0.03233021391919379
2026-04-02,654.144775390625,682.0,0.1178082191780822,0.03607000112533569,-0.015538762219689889,6.205,2026-05-15,43,-0.040843437843658355
2026-04-02,654.144775390625,695.0,0.1178082191780822,0.03607000112533569,-0.015538762219689889,2.435,2026-05-15,43,-0.05878449584082734
2026-04-02,654.144775390625,708.0,0.1178082191780822,0.03607000112533569,-0.015538762219689889,0.79,2026-05-15,43,-0.0760667014256709
2026-04-02,654.144775390625,720.0,0.1178082191780822,0.03607000112533569,-0.015538762219689889,0.315,2026-05-15,43,-0.09146558973524306
2026-04-02,654.144775390625,603.0,0.15616438356164383,0.03607000112533569,-0.011643006231848295,63.235,2026-05-29,57,0.08481720628627695
2026-04-02,654.144775390625,616.0,0.15616438356164383,0.03607000112533569,-0.011643006231848295,52.3,2026-05-29,57,0.061923336673092536
2026-04-02,654.144775390625,630.0,0.15616438356164383,0.03607000112533569,-0.011643006231848295,41.2,2026-05-29,57,0.03832504030257936
2026-04-02,654.144775390625,636.0,0.15616438356164383,0.03607000112533569,-0.011643006231848295,36.675,2026-05-29,57,0.028529521054441825
2026-04-02,654.144775390625,643.0,0.15616438356164383,0.03607000112533569,-0.011643006231848295,31.58,2026-05-29,57,0.017332465615279936
2026-04-02,654.144775390625,649.0,0.15616438356164383,0.03607000112533569,-0.011643006231848295,27.395,2026-05-29,57,0.007927234808359013
2026-04-02,654.144775390625,656.0,0.15616438356164383,0.03607000112533569,-0.011643006231848295,22.785,2026-05-29,57,-0.0028280862947789634
2026-04-02,654.144775390625,662.0,0.15616438356164383,0.03607000112533569,-0.011643006231848295,19.035,2026-05-29,57,-0.01186589820147281
2026-04-02,654.144775390625,669.0,0.15616438356164383,0.03607000112533569,-0.011643006231848295,14.98,2026-05-29,57,-0.022205118997571
2026-04-02,654.144775390625,676.0,0.15616438356164383,0.03607000112533569,-0.011643006231848295,11.335,2026-05-29,57,-0.03233021391919379
2026-04-02,654.144775390625,682.0,0.15616438356164383,0.03607000112533569,-0.011643006231848295,8.59,2026-05-29,57,-0.040843437843658355
2026-04-02,654.144775390625,695.0,0.15616438356164383,0.03607000112533569,-0.011643006231848295,4.085,2026-05-29,57,-0.05878449584082734
2026-04-02,654.144775390625,708.0,0.15616438356164383,0.03607000112533569,-0.011643006231848295,1.63,2026-05-29,57,-0.0760667014256709
2026-04-02,654.144775390625,721.0,0.15616438356164383,0.03607000112533569,-0.011643006231848295,0.64,2026-05-29,57,-0.09272569293949376
2026-04-09,678.162841796875,626.0,0.1178082191780822,0.03588000059127808,0.038778963606679234,56.995,2026-05-22,43,0.0833272233176917
2026-04-09,678.162841796875,639.0,0.1178082191780822,0.03588000059127808,0.038778963606679234,45.695,2026-05-22,43,0.06128770234252739
2026-04-09,678.162841796875,653.0,0.1178082191780822,0.03588000059127808,0.038778963606679234,34.125,2026-05-22,43,0.03853421408403522
2026-04-09,678.162841796875,660.0,0.1178082191780822,0.03588000059127808,0.038778963606679234,28.634999999999998,2026-05-22,43,0.027519457267992424
2026-04-09,678.162841796875,666.0,0.1178082191780822,0.03588000059127808,0.038778963606679234,24.14,2026-05-22,43,0.018262525220533034
2026-04-09,678.162841796875,673.0,0.1178082191780822,0.03588000059127808,0.038778963606679234,19.185000000000002,2026-05-22,43,0.007671384542161961
2026-04-09,678.162841796875,680.0,0.1178082191780822,0.03588000059127808,0.038778963606679234,14.66,2026-05-22,43,-0.002701703239889706
2026-04-09,678.162841796875,687.0,0.1178082191780822,0.03588000059127808,0.038778963606679234,10.629999999999999,2026-05-22,43,-0.012863403497998544
2026-04-09,678.162841796875,694.0,0.1178082191780822,0.03588000059127808,0.038778963606679234,7.26,2026-05-22,43,-0.022820112684618157
2026-04-09,678.162841796875,700.0,0.1178082191780822,0.03588000059127808,0.038778963606679234,4.995,2026-05-22,43,-0.03119594029017857
2026-04-09,678.162841796875,705.0,0.1178082191780822,0.03588000059127808,0.038778963606679234,3.545,2026-05-22,43,-0.03806689106826241
2026-04-09,678.162841796875,720.0,0.1178082191780822,0.03588000059127808,0.038778963606679234,1.16,2026-05-22,43,-0.05810716417100695
2026-04-09,678.162841796875,735.0,0.1178082191780822,0.03588000059127808,0.038778963606679234,0.415,2026-05-22,43,-0.07732946694302721
2026-04-09,678.162841796875,750.0,0.1178082191780822,0.03588000059127808,0.038778963606679234,0.185,2026-05-22,43,-0.09578287760416666
2026-04-09,678.162841796875,626.0,0.136986301369863,0.03588000059127808,0.03384498131419924,58.129999999999995,2026-05-29,50,0.0833272233176917
2026-04-09,678.162841796875,639.0,0.136986301369863,0.03588000059127808,0.03384498131419924,46.925,2026-05-29,50,0.06128770234252739
2026-04-09,678.162841796875,653.0,0.136986301369863,0.03588000059127808,0.03384498131419924,35.41,2026-05-29,50,0.03853421408403522
2026-04-09,678.162841796875,660.0,0.136986301369863,0.03588000059127808,0.03384498131419924,29.935,2026-05-29,50,0.027519457267992424
2026-04-09,678.162841796875,666.0,0.136986301369863,0.03588000059127808,0.03384498131419924,25.48,2026-05-29,50,0.018262525220533034
2026-04-09,678.162841796875,673.0,0.136986301369863,0.03588000059127808,0.03384498131419924,20.520000000000003,2026-05-29,50,0.007671384542161961
2026-04-09,678.162841796875,680.0,0.136986301369863,0.03588000059127808,0.03384498131419924,15.940000000000001,2026-05-29,50,-0.002701703239889706
2026-04-09,678.162841796875,687.0,0.136986301369863,0.03588000059127808,0.03384498131419924,11.84,2026-05-29,50,-0.012863403497998544
2026-04-09,678.162841796875,694.0,0.136986301369863,0.03588000059127808,0.03384498131419924,8.35,2026-05-29,50,-0.022820112684618157
2026-04-09,678.162841796875,700.0,0.136986301369863,0.03588000059127808,0.03384498131419924,5.9350000000000005,2026-05-29,50,-0.03119594029017857
2026-04-09,678.162841796875,707.0,0.136986301369863,0.03588000059127808,0.03384498131419924,3.795,2026-05-29,50,-0.04078805969324611
2026-04-09,678.162841796875,721.0,0.136986301369863,0.03588000059127808,0.03384498131419924,1.43,2026-05-29,50,-0.05941353426230929
2026-04-09,678.162841796875,734.0,0.136986301369863,0.03588000059127808,0.03384498131419924,0.595,2026-05-29,50,-0.07607242262006131
2026-04-09,678.162841796875,750.0,0.136986301369863,0.03588000059127808,0.03384498131419924,0.255,2026-05-29,50,-0.09578287760416666
2026-04-16,699.8569946289062,646.0,0.1178082191780822,0.03609999895095825,-0.019914127679777467,61.655,2026-05-29,43,0.08336996072586107
2026-04-16,699.8569946289062,660.0,0.1178082191780822,0.03609999895095825,-0.019914127679777467,48.144999999999996,2026-05-29,43,0.060389385801373104
2026-04-16,699.8569946289062,674.0,0.1178082191780822,0.03609999895095825,-0.019914127679777467,36.815,2026-05-29,43,0.0383634935146977
2026-04-16,699.8569946289062,681.0,0.1178082191780822,0.03609999895095825,-0.019914127679777467,31.049999999999997,2026-05-29,43,0.027690153640097283
2026-04-16,699.8569946289062,688.0,0.1178082191780822,0.03609999895095825,-0.019914127679777467,25.52,2026-05-29,43,0.017234003821084667
2026-04-16,699.8569946289062,695.0,0.1178082191780822,0.03609999895095825,-0.019914127679777467,20.37,2026-05-29,43,0.006988481480440648
2026-04-16,699.8569946289062,702.0,0.1178082191780822,0.03609999895095825,-0.019914127679777467,15.675,2026-05-29,43,-0.0030527142038372507
2026-04-16,699.8569946289062,709.0,0.1178082191780822,0.03609999895095825,-0.019914127679777467,11.555,2026-05-29,43,-0.012895635220160438
2026-04-16,699.8569946289062,716.0,0.1178082191780822,0.03609999895095825,-0.019914127679777467,8.125,2026-05-29,43,-0.022546096887002445
2026-04-16,699.8569946289062,723.0,0.1178082191780822,0.03609999895095825,-0.019914127679777467,5.460000000000001,2026-05-29,43,-0.03200968930994986
2026-04-16,699.8569946289062,730.0,0.1178082191780822,0.03609999895095825,-0.019914127679777467,3.51,2026-05-29,43,-0.04129178817958048
2026-04-16,699.8569946289062,745.0,0.1178082191780822,0.03609999895095825,-0.019914127679777467,1.22,2026-05-29,43,-0.060594638082005034
2026-04-16,699.8569946289062,760.0,0.1178082191780822,0.03609999895095825,-0.019914127679777467,0.44,2026-05-29,43,-0.0791355333830181
2026-04-16,699.8569946289062,770.0,0.1178082191780822,0.03609999895095825,-0.019914127679777467,0.245,2026-05-29,43,-0.09109481217025163
2026-04-16,699.8569946289062,645.0,0.1726027397260274,0.03609999895095825,-0.008336730758574953,65.795,2026-06-18,63,0.08504960407582364
2026-04-16,699.8569946289062,660.0,0.1726027397260274,0.03609999895095825,-0.008336730758574953,53.400000000000006,2026-06-18,63,0.060389385801373104
2026-04-16,699.8569946289062,675.0,0.1726027397260274,0.03609999895095825,-0.008336730758574953,40.71,2026-06-18,63,0.03682517722800926
2026-04-16,699.8569946289062,680.0,0.1726027397260274,0.03609999895095825,-0.008336730758574953,35.82,2026-06-18,63,0.029201462689568015
2026-04-16,699.8569946289062,690.0,0.1726027397260274,0.03609999895095825,-0.008336730758574953,28.134999999999998,2026-06-18,63,0.01428549946218297
2026-04-16,699.8569946289062,695.0,0.1726027397260274,0.03609999895095825,-0.008336730758574953,24.52,2026-06-18,63,0.006988481480440648
2026-04-16,699.8569946289062,700.0,0.1726027397260274,0.03609999895095825,-0.008336730758574953,21.115000000000002,2026-06-18,63,-0.0002042933872767857
2026-04-16,699.8569946289062,710.0,0.1726027397260274,0.03609999895095825,-0.008336730758574953,15.015,2026-06-18,63,-0.01428592305787852
2026-04-16,699.8569946289062,715.0,0.1726027397260274,0.03609999895095825,-0.008336730758574953,12.365,2026-06-18,63,-0.02117902849104021
2026-04-16,699.8569946289062,725.0,0.1726027397260274,0.03609999895095825,-0.008336730758574953,7.98,2026-06-18,63,-0.03468000740840517
2026-04-16,699.8569946289062,730.0,0.1726027397260274,0.03609999895095825,-0.008336730758574953,6.27,2026-06-18,63,-0.04129178817958048
2026-04-16,699.8569946289062,745.0,0.1726027397260274,0.03609999895095825,-0.008336730758574953,2.795,2026-06-18,63,-0.060594638082005034
2026-04-16,699.8569946289062,760.0,0.1726027397260274,0.03609999895095825,-0.008336730758574953,1.145,2026-06-18,63,-0.0791355333830181
2026-04-16,699.8569946289062,770.0,0.1726027397260274,0.03609999895095825,-0.008336730758574953,0.65,2026-06-18,63,-0.09109481217025163
2026-04-23,706.6295776367188,652.0,0.09863013698630137,0.0359500002861023,-0.047112693278463035,64.0,2026-05-29,36,0.08378769576183857
2026-04-23,706.6295776367188,666.0,0.09863013698630137,0.0359500002861023,-0.047112693278463035,50.65,2026-05-29,36,0.06100537182690503
2026-04-23,706.6295776367188,680.0,0.09863013698630137,0.0359500002861023,-0.047112693278463035,38.379999999999995,2026-05-29,36,0.03916114358340993
2026-04-23,706.6295776367188,687.0,0.09863013698630137,0.0359500002861023,-0.047112693278463035,33.125,2026-05-29,36,0.028572893212108805
2026-04-23,706.6295776367188,694.0,0.09863013698630137,0.0359500002861023,-0.047112693278463035,26.925,2026-05-29,36,0.01819823866962356
2026-04-23,706.6295776367188,701.0,0.09863013698630137,0.0359500002861023,-0.047112693278463035,21.65,2026-05-29,36,0.008030781222138017
2026-04-23,706.6295776367188,708.0,0.09863013698630137,0.0359500002861023,-0.047112693278463035,16.79,2026-05-29,36,-0.001935624806894421
2026-04-23,706.6295776367188,716.0,0.09863013698630137,0.0359500002861023,-0.047112693278463035,11.91,2026-05-29,36,-0.013087182071621857
2026-04-23,706.6295776367188,723.0,0.09863013698630137,0.0359500002861023,-0.047112693278463035,8.32,2026-05-29,36,-0.022642354582684994
2026-04-23,706.6295776367188,730.0,0.09863013698630137,0.0359500002861023,-0.047112693278463035,5.484999999999999,2026-05-29,36,-0.032014277209974316
2026-04-23,706.6295776367188,737.0,0.09863013698630137,0.0359500002861023,-0.047112693278463035,3.4050000000000002,2026-05-29,36,-0.04120817145628392
2026-04-23,706.6295776367188,750.0,0.09863013698630137,0.0359500002861023,-0.047112693278463035,1.23,2026-05-29,36,-0.05782722981770833
2026-04-23,706.6295776367188,765.0,0.09863013698630137,0.0359500002861023,-0.047112693278463035,0.365,2026-05-29,36,-0.07630120570363562
2026-04-23,706.6295776367188,780.0,0.09863013698630137,0.0359500002861023,-0.047112693278463035,0.14500000000000002,2026-05-29,36,-0.09406464405548878
2026-04-23,706.6295776367188,650.0,0.15342465753424658,0.0359500002861023,-0.02575385768820042,69.14,2026-06-18,56,0.08712242713341346
2026-04-23,706.6295776367188,665.0,0.15342465753424658,0.0359500002861023,-0.02575385768820042,55.239999999999995,2026-06-18,56,0.06260086862664474
2026-04-23,706.6295776367188,680.0,0.15342465753424658,0.0359500002861023,-0.02575385768820042,42.455,2026-06-18,56,0.03916114358340993
2026-04-23,706.6295776367188,685.0,0.15342465753424658,0.0359500002861023,-0.02575385768820042,38.36,2026-06-18,56,0.03157602574703467
2026-04-23,706.6295776367188,695.0,0.15342465753424658,0.0359500002861023,-0.02575385768820042,30.545,2026-06-18,56,0.01673320523268885
2026-04-23,706.6295776367188,700.0,0.15342465753424658,0.0359500002861023,-0.02575385768820042,26.85,2026-06-18,56,0.0094708251953125
2026-04-23,706.6295776367188,710.0,0.15342465753424658,0.0359500002861023,-0.02575385768820042,19.98,2026-06-18,56,-0.004747073751100352
2026-04-23,706.6295776367188,715.0,0.15342465753424658,0.0359500002861023,-0.02575385768820042,16.87,2026-06-18,56,-0.01170688442416958
2026-04-23,706.6295776367188,725.0,0.15342465753424658,0.0359500002861023,-0.02575385768820042,11.46,2026-06-18,56,-0.025338513604525863
2026-04-23,706.6295776367188,730.0,0.15342465753424658,0.0359500002861023,-0.02575385768820042,9.195,2026-06-18,56,-0.032014277209974316
2026-04-23,706.6295776367188,735.0,0.15342465753424658,0.0359500002861023,-0.02575385768820042,7.24,2026-06-18,56,-0.03859921409970238
2026-04-23,706.6295776367188,750.0,0.15342465753424658,0.0359500002861023,-0.02575385768820042,3.175,2026-06-18,56,-0.05782722981770833
2026-04-23,706.6295776367188,765.0,0.15342465753424658,0.0359500002861023,-0.02575385768820042,1.2349999999999999,2026-06-18,56,-0.07630120570363562
2026-04-23,706.6295776367188,780.0,0.15342465753424658,0.0359500002861023,-0.02575385768820042,0.5,2026-06-18,56,-0.09406464405548878
2026-04-30,716.8132934570312,661.0,0.09863013698630137,0.035850000381469724,0.06,56.625,2026-06-05,36,0.08443766029808056
2026-04-30,716.8132934570312,676.0,0.09863013698630137,0.035850000381469724,0.06,43.14,2026-06-05,36,0.06037469446306398
2026-04-30,716.8132934570312,690.0,0.09863013698630137,0.035850000381469724,0.06,31.33,2026-06-05,36,0.03885984558990036
2026-04-30,716.8132934570312,697.0,0.09863013698630137,0.035850000381469724,0.06,25.745,2026-06-05,36,0.028426532936917145
2026-04-30,716.8132934570312,704.0,0.09863013698630137,0.035850000381469724,0.06,20.57,2026-06-05,36,0.018200700933283024
2026-04-30,716.8132934570312,711.0,0.09863013698630137,0.035850000381469724,0.06,15.79,2026-06-05,36,0.008176221458553094
2026-04-30,716.8132934570312,719.0,0.09863013698630137,0.035850000381469724,0.06,10.995000000000001,2026-06-05,36,-0.003041316471444715
2026-04-30,716.8132934570312,726.0,0.09863013698630137,0.035850000381469724,0.06,7.539999999999999,2026-06-05,36,-0.012653865761664945
2026-04-30,716.8132934570312,733.0,0.09863013698630137,0.035850000381469724,0.06,4.84,2026-06-05,36,-0.022082819294636766
2026-04-30,716.8132934570312,740.0,0.09863013698630137,0.035850000381469724,0.06,2.895,2026-06-05,36,-0.03133338722022804
2026-04-30,716.8132934570312,747.0,0.09863013698630137,0.035850000381469724,0.06,1.615,2026-06-05,36,-0.04041058439487115
2026-04-30,716.8132934570312,760.0,0.09863013698630137,0.035850000381469724,0.06,0.505,2026-06-05,36,-0.056824613872327304
2026-04-30,716.8132934570312,775.0,0.09863013698630137,0.035850000381469724,0.06,0.16,2026-06-05,36,-0.07507962134576612
2026-04-30,716.8132934570312,790.0,0.09863013698630137,0.035850000381469724,0.06,0.07,2026-06-05,36,-0.09264140068730221
2026-04-30,716.8132934570312,661.0,0.16712328767123288,0.035850000381469724,0.053372756941480096,59.69,2026-06-30,61,0.08443766029808056
2026-04-30,716.8132934570312,676.0,0.16712328767123288,0.035850000381469724,0.053372756941480096,46.69,2026-06-30,61,0.06037469446306398
2026-04-30,716.8132934570312,690.0,0.16712328767123288,0.035850000381469724,0.053372756941480096,35.269999999999996,2026-06-30,61,0.03885984558990036
2026-04-30,716.8132934570312,697.0,0.16712328767123288,0.035850000381469724,0.053372756941480096,29.945,2026-06-30,61,0.028426532936917145
2026-04-30,716.8132934570312,704.0,0.16712328767123288,0.035850000381469724,0.053372756941480096,24.795,2026-06-30,61,0.018200700933283024
2026-04-30,716.8132934570312,711.0,0.16712328767123288,0.035850000381469724,0.053372756941480096,20.045,2026-06-30,61,0.008176221458553094
2026-04-30,716.8132934570312,719.0,0.16712328767123288,0.035850000381469724,0.053372756941480096,15.225,2026-06-30,61,-0.003041316471444715
2026-04-30,716.8132934570312,726.0,0.16712328767123288,0.035850000381469724,0.053372756941480096,11.555,2026-06-30,61,-0.012653865761664945
2026-04-30,716.8132934570312,733.0,0.16712328767123288,0.035850000381469724,0.053372756941480096,8.469999999999999,2026-06-30,61,-0.022082819294636766
2026-04-30,716.8132934570312,740.0,0.16712328767123288,0.035850000381469724,0.053372756941480096,5.994999999999999,2026-06-30,61,-0.03133338722022804
2026-04-30,716.8132934570312,747.0,0.16712328767123288,0.035850000381469724,0.053372756941480096,4.095000000000001,2026-06-30,61,-0.04041058439487115
2026-04-30,716.8132934570312,760.0,0.16712328767123288,0.035850000381469724,0.053372756941480096,1.865,2026-06-30,61,-0.056824613872327304
2026-04-30,716.8132934570312,775.0,0.16712328767123288,0.035850000381469724,0.053372756941480096,0.71,2026-06-30,61,-0.07507962134576612
2026-04-30,716.8132934570312,790.0,0.16712328767123288,0.035850000381469724,0.053372756941480096,0.3,2026-06-30,61,-0.09264140068730221
2026-05-07,729.7001342773438,673.0,0.11506849315068493,0.035980000495910644,-0.021179670314778513,64.75999999999999,2026-06-18,42,0.08424982804954495
2026-05-07,729.7001342773438,688.0,0.11506849315068493,0.035980000495910644,-0.021179670314778513,51.025,2026-06-18,42,0.06061066028683684
2026-05-07,729.7001342773438,702.0,0.11506849315068493,0.035980000495910644,-0.021179670314778513,39.32,2026-06-18,42,0.03945888073695691
2026-05-07,729.7001342773438,710.0,0.11506849315068493,0.035980000495910644,-0.021179670314778513,32.665000000000006,2026-06-18,42,0.027746667996258804
2026-05-07,729.7001342773438,717.0,0.11506849315068493,0.035980000495910644,-0.021179670314778513,26.705,2026-06-18,42,0.017712879047899234
2026-05-07,729.7001342773438,724.0,0.11506849315068493,0.035980000495910644,-0.021179670314778513,21.560000000000002,2026-06-18,42,0.007873113642739986
2026-05-07,729.7001342773438,732.0,0.11506849315068493,0.035980000495910644,-0.021179670314778513,16.255000000000003,2026-06-18,42,-0.0031418930637380463
2026-05-07,729.7001342773438,739.0,0.11506849315068493,0.035980000495910644,-0.021179670314778513,12.190000000000001,2026-06-18,42,-0.012584392046896143
2026-05-07,729.7001342773438,746.0,0.11506849315068493,0.035980000495910644,-0.021179670314778513,8.775,2026-06-18,42,-0.021849685955303285
2026-05-07,729.7001342773438,755.0,0.11506849315068493,0.035980000495910644,-0.021179670314778513,5.390000000000001,2026-06-18,42,-0.033509755924048014
2026-05-07,729.7001342773438,760.0,0.11506849315068493,0.035980000495910644,-0.021179670314778513,3.98,2026-06-18,42,-0.03986824437191612
2026-05-07,729.7001342773438,775.0,0.11506849315068493,0.035980000495910644,-0.021179670314778513,1.4249999999999998,2026-06-18,42,-0.058451439642137094
2026-05-07,729.7001342773438,790.0,0.11506849315068493,0.035980000495910644,-0.021179670314778513,0.5,2026-06-18,42,-0.07632894395272943
2026-05-07,729.7001342773438,805.0,0.11506849315068493,0.035980000495910644,-0.021179670314778513,0.225,2026-06-18,42,-0.09354020586665372
2026-05-07,729.7001342773438,673.0,0.14794520547945206,0.035980000495910644,-0.008134851876881052,66.36500000000001,2026-06-30,54,0.08424982804954495
2026-05-07,729.7001342773438,688.0,0.14794520547945206,0.035980000495910644,-0.008134851876881052,52.795,2026-06-30,54,0.06061066028683684
2026-05-07,729.7001342773438,702.0,0.14794520547945206,0.035980000495910644,-0.008134851876881052,40.175,2026-06-30,54,0.03945888073695691
2026-05-07,729.7001342773438,710.0,0.14794520547945206,0.035980000495910644,-0.008134851876881052,33.68,2026-06-30,54,0.027746667996258804
2026-05-07,729.7001342773438,717.0,0.14794520547945206,0.035980000495910644,-0.008134851876881052,28.29,2026-06-30,54,0.017712879047899234
2026-05-07,729.7001342773438,724.0,0.14794520547945206,0.035980000495910644,-0.008134851876881052,23.25,2026-06-30,54,0.007873113642739986
2026-05-07,729.7001342773438,732.0,0.14794520547945206,0.035980000495910644,-0.008134851876881052,18.005000000000003,2026-06-30,54,-0.0031418930637380463
2026-05-07,729.7001342773438,739.0,0.14794520547945206,0.035980000495910644,-0.008134851876881052,13.940000000000001,2026-06-30,54,-0.012584392046896143
2026-05-07,729.7001342773438,746.0,0.14794520547945206,0.035980000495910644,-0.008134851876881052,10.45,2026-06-30,54,-0.021849685955303285
2026-05-07,729.7001342773438,755.0,0.14794520547945206,0.035980000495910644,-0.008134851876881052,6.865,2026-06-30,54,-0.033509755924048014
2026-05-07,729.7001342773438,760.0,0.14794520547945206,0.035980000495910644,-0.008134851876881052,5.305,2026-06-30,54,-0.03986824437191612
2026-05-07,729.7001342773438,775.0,0.14794520547945206,0.035980000495910644,-0.008134851876881052,2.235,2026-06-30,54,-0.058451439642137094
2026-05-07,729.7001342773438,790.0,0.14794520547945206,0.035980000495910644,-0.008134851876881052,0.865,2026-06-30,54,-0.07632894395272943
2026-05-07,729.7001342773438,805.0,0.14794520547945206,0.035980000495910644,-0.008134851876881052,0.37,2026-06-30,54,-0.09354020586665372
2026-05-21,740.8114624023438,683.0,0.1095890410958904,0.03582000017166138,-0.008158265379100194,64.14500000000001,2026-06-30,40,0.08464342957883418
2026-05-21,740.8114624023438,698.0,0.1095890410958904,0.03582000017166138,-0.008158265379100194,49.655,2026-06-30,40,0.06133447335579334
2026-05-21,740.8114624023438,713.0,0.1095890410958904,0.03582000017166138,-0.008158265379100194,37.645,2026-06-30,40,0.039006258628813115
2026-05-21,740.8114624023438,720.0,0.1095890410958904,0.03582000017166138,-0.008158265379100194,31.21,2026-06-30,40,0.0289048088921441
2026-05-21,740.8114624023438,728.0,0.1095890410958904,0.03582000017166138,-0.008158265379100194,24.92,2026-06-30,40,0.017598162640582074
2026-05-21,740.8114624023438,735.0,0.1095890410958904,0.03582000017166138,-0.008158265379100194,19.845,2026-06-30,40,0.007906751567814625
2026-05-21,740.8114624023438,743.0,0.1095890410958904,0.03582000017166138,-0.008158265379100194,14.649999999999999,2026-06-30,40,-0.0029455418541806866
2026-05-21,740.8114624023438,750.0,0.1095890410958904,0.03582000017166138,-0.008158265379100194,10.8,2026-06-30,40,-0.012251383463541666
2026-05-21,740.8114624023438,758.0,0.1095890410958904,0.03582000017166138,-0.008158265379100194,7.255000000000001,2026-06-30,40,-0.02267617097316128
2026-05-21,740.8114624023438,765.0,0.1095890410958904,0.03582000017166138,-0.008158265379100194,4.9,2026-06-30,40,-0.031619003395629085
2026-05-21,740.8114624023438,772.0,0.1095890410958904,0.03582000017166138,-0.008158265379100194,3.17,2026-06-30,40,-0.040399660100591
2026-05-21,740.8114624023438,787.0,0.1095890410958904,0.03582000017166138,-0.008158265379100194,1.0950000000000002,2026-06-30,40,-0.0586893743299317
2026-05-21,740.8114624023438,800.0,0.1095890410958904,0.03582000017166138,-0.008158265379100194,0.415,2026-06-30,40,-0.07398567199707032
2026-05-21,740.8114624023438,815.0,0.1095890410958904,0.03582000017166138,-0.008158265379100194,0.155,2026-06-30,40,-0.09102888048792178
2026-05-21,740.8114624023438,685.0,0.15616438356164383,0.03582000017166138,-0.006254625678519324,65.08,2026-07-17,57,0.081476587448677
2026-05-21,740.8114624023438,700.0,0.15616438356164383,0.03582000017166138,-0.006254625678519324,51.775,2026-07-17,57,0.058302089146205355
2026-05-21,740.8114624023438,713.0,0.15616438356164383,0.03582000017166138,-0.006254625678519324,40.71,2026-07-17,57,0.039006258628813115
2026-05-21,740.8114624023438,720.0,0.15616438356164383,0.03582000017166138,-0.006254625678519324,35.695,2026-07-17,57,0.0289048088921441
2026-05-21,740.8114624023438,728.0,0.15616438356164383,0.03582000017166138,-0.006254625678519324,28.96,2026-07-17,57,0.017598162640582074
2026-05-21,740.8114624023438,735.0,0.15616438356164383,0.03582000017166138,-0.006254625678519324,23.990000000000002,2026-07-17,57,0.007906751567814625
2026-05-21,740.8114624023438,743.0,0.15616438356164383,0.03582000017166138,-0.006254625678519324,18.765,2026-07-17,57,-0.0029455418541806866
2026-05-21,740.8114624023438,750.0,0.15616438356164383,0.03582000017166138,-0.006254625678519324,14.780000000000001,2026-07-17,57,-0.012251383463541666
2026-05-21,740.8114624023438,758.0,0.15616438356164383,0.03582000017166138,-0.006254625678519324,10.89,2026-07-17,57,-0.02267617097316128
2026-05-21,740.8114624023438,765.0,0.15616438356164383,0.03582000017166138,-0.006254625678519324,8.115,2026-07-17,57,-0.031619003395629085
2026-05-21,740.8114624023438,772.0,0.15616438356164383,0.03582000017166138,-0.006254625678519324,5.890000000000001,2026-07-17,57,-0.040399660100591
2026-05-21,740.8114624023438,787.0,0.15616438356164383,0.03582000017166138,-0.006254625678519324,2.715,2026-07-17,57,-0.0586893743299317
2026-05-21,740.8114624023438,800.0,0.15616438356164383,0.03582000017166138,-0.006254625678519324,1.28,2026-07-17,57,-0.07398567199707032
2026-05-21,740.8114624023438,815.0,0.15616438356164383,0.03582000017166138,-0.006254625678519324,0.52,2026-07-17,57,-0.09102888048792178
2026-05-28,752.6609497070312,695.0,0.0958904109589041,0.03589999914169312,0.023033240099392498,60.769999999999996,2026-07-02,35,0.08296539526191547
2026-05-28,752.6609497070312,709.0,0.0958904109589041,0.03589999914169312,0.023033240099392498,48.41,2026-07-02,35,0.06158102920596791
2026-05-28,752.6609497070312,724.0,0.0958904109589041,0.03589999914169312,0.023033240099392498,35.185,2026-07-02,35,0.039586947109159186
2026-05-28,752.6609497070312,732.0,0.0958904109589041,0.03589999914169312,0.023033240099392498,27.775,2026-07-02,35,0.02822534112982411
2026-05-28,752.6609497070312,740.0,0.0958904109589041,0.03589999914169312,0.023033240099392498,21.605,2026-07-02,35,0.017109391495988176
2026-05-28,752.6609497070312,747.0,0.0958904109589041,0.03589999914169312,0.023033240099392498,16.79,2026-07-02,35,0.007578245926413989
2026-05-28,752.6609497070312,755.0,0.0958904109589041,0.03589999914169312,0.023033240099392498,11.965,2026-07-02,35,-0.0030980798582367548
2026-05-28,752.6609497070312,762.0,0.0958904109589041,0.03589999914169312,0.023033240099392498,8.49,2026-07-02,35,-0.012255971513082348
2026-05-28,752.6609497070312,770.0,0.0958904109589041,0.03589999914169312,0.023033240099392498,5.425000000000001,2026-07-02,35,-0.02251824713372565
2026-05-28,752.6609497070312,777.0,0.0958904109589041,0.03589999914169312,0.023033240099392498,3.495,2026-07-02,35,-0.03132438905143983
2026-05-28,752.6609497070312,785.0,0.0958904109589041,0.03589999914169312,0.023033240099392498,2.005,2026-07-02,35,-0.04119624241142516
2026-05-28,752.6609497070312,800.0,0.0958904109589041,0.03589999914169312,0.023033240099392498,0.65,2026-07-02,35,-0.059173812866210936
2026-05-28,752.6609497070312,815.0,0.0958904109589041,0.03589999914169312,0.023033240099392498,0.225,2026-07-02,35,-0.07648963226131135
2026-05-28,752.6609497070312,830.0,0.0958904109589041,0.03589999914169312,0.023033240099392498,0.10500000000000001,2026-07-02,35,-0.0931795786662274
2026-05-28,752.6609497070312,695.0,0.136986301369863,0.03589999914169312,0.016358866054731067,63.125,2026-07-17,50,0.08296539526191547
2026-05-28,752.6609497070312,709.0,0.136986301369863,0.03589999914169312,0.016358866054731067,51.235,2026-07-17,50,0.06158102920596791
2026-05-28,752.6609497070312,724.0,0.136986301369863,0.03589999914169312,0.016358866054731067,37.61,2026-07-17,50,0.039586947109159186
2026-05-28,752.6609497070312,732.0,0.136986301369863,0.03589999914169312,0.016358866054731067,31.88,2026-07-17,50,0.02822534112982411
2026-05-28,752.6609497070312,740.0,0.136986301369863,0.03589999914169312,0.016358866054731067,25.215,2026-07-17,50,0.017109391495988176
2026-05-28,752.6609497070312,747.0,0.136986301369863,0.03589999914169312,0.016358866054731067,20.395,2026-07-17,50,0.007578245926413989
2026-05-28,752.6609497070312,755.0,0.136986301369863,0.03589999914169312,0.016358866054731067,15.48,2026-07-17,50,-0.0030980798582367548
2026-05-28,752.6609497070312,762.0,0.136986301369863,0.03589999914169312,0.016358866054731067,11.809999999999999,2026-07-17,50,-0.012255971513082348
2026-05-28,752.6609497070312,770.0,0.136986301369863,0.03589999914169312,0.016358866054731067,8.35,2026-07-17,50,-0.02251824713372565
2026-05-28,752.6609497070312,777.0,0.136986301369863,0.03589999914169312,0.016358866054731067,5.984999999999999,2026-07-17,50,-0.03132438905143983
2026-05-28,752.6609497070312,785.0,0.136986301369863,0.03589999914169312,0.016358866054731067,3.9450000000000003,2026-07-17,50,-0.04119624241142516
2026-05-28,752.6609497070312,800.0,0.136986301369863,0.03589999914169312,0.016358866054731067,1.645,2026-07-17,50,-0.059173812866210936
2026-05-28,752.6609497070312,815.0,0.136986301369863,0.03589999914169312,0.016358866054731067,0.655,2026-07-17,50,-0.07648963226131135
2026-05-28,752.6609497070312,830.0,0.136986301369863,0.03589999914169312,0.016358866054731067,0.275,2026-07-17,50,-0.0931795786662274
2026-06-04,755.1445922851562,695.0,0.1178082191780822,0.03619999885559082,-0.002741576560981736,66.06,2026-07-17,43,0.0865389817052608
2026-06-04,755.1445922851562,712.0,0.1178082191780822,0.03619999885559082,-0.002741576560981736,49.805,2026-07-17,43,0.06059633747915204
2026-06-04,755.1445922851562,727.0,0.1178082191780822,0.03619999885559082,-0.002741576560981736,36.635000000000005,2026-07-17,43,0.03871333189154917
2026-06-04,755.1445922851562,734.0,0.1178082191780822,0.03619999885559082,-0.002741576560981736,30.869999999999997,2026-07-17,43,0.028807346437542576
2026-06-04,755.1445922851562,742.0,0.1178082191780822,0.03619999885559082,-0.002741576560981736,25.21,2026-07-17,43,0.017715083942259097
2026-06-04,755.1445922851562,750.0,0.1178082191780822,0.03619999885559082,-0.002741576560981736,19.425,2026-07-17,43,0.0068594563802083335
2026-06-04,755.1445922851562,757.0,0.1178082191780822,0.03619999885559082,-0.002741576560981736,14.82,2026-07-17,43,-0.002451000944311427
2026-06-04,755.1445922851562,765.0,0.1178082191780822,0.03619999885559082,-0.002741576560981736,10.375,2026-07-17,43,-0.012882885901756536
2026-06-04,755.1445922851562,772.0,0.1178082191780822,0.03619999885559082,-0.002741576560981736,7.215,2026-07-17,43,-0.021833429682440092
2026-06-04,755.1445922851562,780.0,0.1178082191780822,0.03619999885559082,-0.002741576560981736,4.525,2026-07-17,43,-0.03186590732672276
2026-06-04,755.1445922851562,787.0,0.1178082191780822,0.03619999885559082,-0.002741576560981736,2.8499999999999996,2026-07-17,43,-0.04047701107349905
2026-06-04,755.1445922851562,805.0,0.1178082191780822,0.03619999885559082,-0.002741576560981736,0.705,2026-07-17,43,-0.06193218349670031
2026-06-04,755.1445922851562,820.0,0.1178082191780822,0.03619999885559082,-0.002741576560981736,0.215,2026-07-17,43,-0.07909196062785823
2026-06-04,755.1445922851562,835.0,0.1178082191780822,0.03619999885559082,-0.002741576560981736,0.08499999999999999,2026-07-17,43,-0.09563521882017216
2026-06-04,755.1445922851562,697.0,0.15616438356164383,0.03619999885559082,-0.002484503885992695,67.52000000000001,2026-07-31,57,0.08342122279075502
2026-06-04,755.1445922851562,712.0,0.15616438356164383,0.03619999885559082,-0.002484503885992695,53.315,2026-07-31,57,0.06059633747915204
2026-06-04,755.1445922851562,727.0,0.15616438356164383,0.03619999885559082,-0.002484503885992695,41.235,2026-07-31,57,0.03871333189154917
2026-06-04,755.1445922851562,734.0,0.15616438356164383,0.03619999885559082,-0.002484503885992695,34.875,2026-07-31,57,0.028807346437542576
2026-06-04,755.1445922851562,742.0,0.15616438356164383,0.03619999885559082,-0.002484503885992695,29.490000000000002,2026-07-31,57,0.017715083942259097
2026-06-04,755.1445922851562,750.0,0.15616438356164383,0.03619999885559082,-0.002484503885992695,22.995,2026-07-31,57,0.0068594563802083335
2026-06-04,755.1445922851562,757.0,0.15616438356164383,0.03619999885559082,-0.002484503885992695,18.395000000000003,2026-07-31,57,-0.002451000944311427
2026-06-04,755.1445922851562,765.0,0.15616438356164383,0.03619999885559082,-0.002484503885992695,13.809999999999999,2026-07-31,57,-0.012882885901756536
2026-06-04,755.1445922851562,772.0,0.15616438356164383,0.03619999885559082,-0.002484503885992695,10.42,2026-07-31,57,-0.021833429682440092
2026-06-04,755.1445922851562,780.0,0.15616438356164383,0.03619999885559082,-0.002484503885992695,7.26,2026-07-31,57,-0.03186590732672276
2026-06-04,755.1445922851562,787.0,0.15616438356164383,0.03619999885559082,-0.002484503885992695,5.125,2026-07-31,57,-0.04047701107349905
2026-06-04,755.1445922851562,805.0,0.15616438356164383,0.03619999885559082,-0.002484503885992695,1.83,2026-07-31,57,-0.06193218349670031
2026-06-04,755.1445922851562,820.0,0.15616438356164383,0.03619999885559082,-0.002484503885992695,0.6950000000000001,2026-07-31,57,-0.07909196062785823
2026-06-04,755.1445922851562,835.0,0.15616438356164383,0.03619999885559082,-0.002484503885992695,0.28500000000000003,2026-07-31,57,-0.09563521882017216
2026-06-11,735.8642578125,679.0,0.1178082191780822,0.03622999906539917,0.06,56.135000000000005,2026-07-24,43,0.08374706599779087
2026-06-11,735.8642578125,693.0,0.1178082191780822,0.03622999906539917,0.06,44.165,2026-07-24,43,0.061853185876623376
2026-06-11,735.8642578125,708.0,0.1178082191780822,0.03622999906539917,0.06,32.235,2026-07-24,43,0.039356296345338986
2026-06-11,735.8642578125,716.0,0.1178082191780822,0.03622999906539917,0.06,26.365000000000002,2026-07-24,43,0.027743376833100557
2026-06-11,735.8642578125,723.0,0.1178082191780822,0.03622999906539917,0.06,21.634999999999998,2026-07-24,43,0.01779288770746888
2026-06-11,735.8642578125,730.0,0.1178082191780822,0.03622999906539917,0.06,17.315,2026-07-24,43,0.008033229880136987
2026-06-11,735.8642578125,738.0,0.1178082191780822,0.03622999906539917,0.06,12.93,2026-07-24,43,-0.0028939596036585366
2026-06-11,735.8642578125,745.0,0.1178082191780822,0.03622999906539917,0.06,9.665,2026-07-24,43,-0.012262741191275168
2026-06-11,735.8642578125,753.0,0.1178082191780822,0.03622999906539917,0.06,6.635,2026-07-24,43,-0.022756629731075697
2026-06-11,735.8642578125,760.0,0.1178082191780822,0.03622999906539917,0.06,4.605,2026-07-24,43,-0.03175755550986842
2026-06-11,735.8642578125,767.0,0.1178082191780822,0.03622999906539917,0.06,3.09,2026-07-24,43,-0.04059418798891786
2026-06-11,735.8642578125,782.0,0.1178082191780822,0.03622999906539917,0.06,1.23,2026-07-24,43,-0.05899711277173913
2026-06-11,735.8642578125,797.0,0.1178082191780822,0.03622999906539917,0.06,0.47,2026-07-24,43,-0.07670733022271016
2026-06-11,735.8642578125,810.0,0.1178082191780822,0.03622999906539917,0.06,0.22,2026-07-24,43,-0.0915256076388889
2026-06-11,735.8642578125,679.0,0.136986301369863,0.03622999906539917,0.06,58.44,2026-07-31,50,0.08374706599779087
2026-06-11,735.8642578125,693.0,0.136986301369863,0.03622999906539917,0.06,45.835,2026-07-31,50,0.061853185876623376
2026-06-11,735.8642578125,708.0,0.136986301369863,0.03622999906539917,0.06,33.47,2026-07-31,50,0.039356296345338986
2026-06-11,735.8642578125,716.0,0.136986301369863,0.03622999906539917,0.06,28.189999999999998,2026-07-31,50,0.027743376833100557
2026-06-11,735.8642578125,723.0,0.136986301369863,0.03622999906539917,0.06,23.46,2026-07-31,50,0.01779288770746888
2026-06-11,735.8642578125,730.0,0.136986301369863,0.03622999906539917,0.06,19.09,2026-07-31,50,0.008033229880136987
2026-06-11,735.8642578125,738.0,0.136986301369863,0.03622999906539917,0.06,14.635,2026-07-31,50,-0.0028939596036585366
2026-06-11,735.8642578125,745.0,0.136986301369863,0.03622999906539917,0.06,11.26,2026-07-31,50,-0.012262741191275168
2026-06-11,735.8642578125,753.0,0.136986301369863,0.03622999906539917,0.06,8.045,2026-07-31,50,-0.022756629731075697
2026-06-11,735.8642578125,760.0,0.136986301369863,0.03622999906539917,0.06,5.805,2026-07-31,50,-0.03175755550986842
2026-06-11,735.8642578125,767.0,0.136986301369863,0.03622999906539917,0.06,3.915,2026-07-31,50,-0.04059418798891786
2026-06-11,735.8642578125,782.0,0.136986301369863,0.03622999906539917,0.06,1.77,2026-07-31,50,-0.05899711277173913
2026-06-11,735.8642578125,797.0,0.136986301369863,0.03622999906539917,0.06,0.715,2026-07-31,50,-0.07670733022271016
2026-06-11,735.8642578125,810.0,0.136986301369863,0.03622999906539917,0.06,0.35,2026-07-31,50,-0.0915256076388889
2026-06-18,746.739990234375,687.0,0.1178082191780822,0.03657999992370606,0.011912173838968521,65.105,2026-07-31,43,0.0869577732669214
2026-06-18,746.739990234375,702.0,0.1178082191780822,0.03657999992370606,0.011912173838968521,51.4,2026-07-31,43,0.06373217982104701
2026-06-18,746.739990234375,717.0,0.1178082191780822,0.03657999992370606,0.011912173838968521,38.415,2026-07-31,43,0.04147836852771967
2026-06-18,746.739990234375,724.0,0.1178082191780822,0.03657999992370606,0.011912173838968521,32.675,2026-07-31,43,0.031408826290573205
2026-06-18,746.739990234375,732.0,0.1178082191780822,0.03657999992370606,0.011912173838968521,27.009999999999998,2026-07-31,43,0.020136598680840164
2026-06-18,746.739990234375,739.0,0.1178082191780822,0.03657999992370606,0.011912173838968521,21.415,2026-07-31,43,0.010473599775879567
2026-06-18,746.739990234375,747.0,0.1178082191780822,0.03657999992370606,0.011912173838968521,16.115000000000002,2026-07-31,43,-0.0003480719754016064
2026-06-18,746.739990234375,754.0,0.1178082191780822,0.03657999992370606,0.011912173838968521,12.1,2026-07-31,43,-0.009628660166611406
2026-06-18,746.739990234375,762.0,0.1178082191780822,0.03657999992370606,0.011912173838968521,8.280000000000001,2026-07-31,43,-0.020026259534940943
2026-06-18,746.739990234375,769.0,0.1178082191780822,0.03657999992370606,0.011912173838968521,5.66,2026-07-31,43,-0.028946696704323798
2026-06-18,746.739990234375,777.0,0.1178082191780822,0.03657999992370606,0.011912173838968521,3.47,2026-07-31,43,-0.03894467151303089
2026-06-18,746.739990234375,792.0,0.1178082191780822,0.03657999992370606,0.011912173838968521,1.225,2026-07-31,43,-0.05714647697679924
2026-06-18,746.739990234375,805.0,0.1178082191780822,0.03657999992370606,0.011912173838968521,0.475,2026-07-31,43,-0.0723726829386646
2026-06-18,746.739990234375,820.0,0.1178082191780822,0.03657999992370606,0.011912173838968521,0.185,2026-07-31,43,-0.08934147532393293
2026-06-18,746.739990234375,687.0,0.17534246575342466,0.03657999992370606,0.007649638801786884,68.485,2026-08-21,64,0.0869577732669214
2026-06-18,746.739990234375,702.0,0.17534246575342466,0.03657999992370606,0.007649638801786884,55.405,2026-08-21,64,0.06373217982104701
2026-06-18,746.739990234375,717.0,0.17534246575342466,0.03657999992370606,0.007649638801786884,42.7,2026-08-21,64,0.04147836852771967
2026-06-18,746.739990234375,724.0,0.17534246575342466,0.03657999992370606,0.007649638801786884,37.04,2026-08-21,64,0.031408826290573205
2026-06-18,746.739990234375,732.0,0.17534246575342466,0.03657999992370606,0.007649638801786884,30.96,2026-08-21,64,0.020136598680840164
2026-06-18,746.739990234375,739.0,0.17534246575342466,0.03657999992370606,0.007649638801786884,25.95,2026-08-21,64,0.010473599775879567
2026-06-18,746.739990234375,747.0,0.17534246575342466,0.03657999992370606,0.007649638801786884,20.685000000000002,2026-08-21,64,-0.0003480719754016064
2026-06-18,746.739990234375,754.0,0.17534246575342466,0.03657999992370606,0.007649638801786884,16.55,2026-08-21,64,-0.009628660166611406
2026-06-18,746.739990234375,762.0,0.17534246575342466,0.03657999992370606,0.007649638801786884,12.42,2026-08-21,64,-0.020026259534940943
2026-06-18,746.739990234375,769.0,0.17534246575342466,0.03657999992370606,0.007649638801786884,9.39,2026-08-21,64,-0.028946696704323798
2026-06-18,746.739990234375,777.0,0.17534246575342466,0.03657999992370606,0.007649638801786884,6.609999999999999,2026-08-21,64,-0.03894467151303089
2026-06-18,746.739990234375,792.0,0.17534246575342466,0.03657999992370606,0.007649638801786884,3.145,2026-08-21,64,-0.05714647697679924
2026-06-18,746.739990234375,805.0,0.17534246575342466,0.03657999992370606,0.007649638801786884,1.5350000000000001,2026-08-21,64,-0.0723726829386646
2026-06-18,746.739990234375,820.0,0.17534246575342466,0.03657999992370606,0.007649638801786884,0.65,2026-08-21,64,-0.08934147532393293
2026-06-25,734.2999877929688,676.0,0.09863013698630137,0.036800000667572025,-0.011256887413772045,64.77,2026-07-31,36,0.08624258549255732
2026-06-25,734.2999877929688,690.0,0.09863013698630137,0.036800000667572025,-0.011256887413772045,52.075,2026-07-31,36,0.064202880859375
2026-06-25,734.2999877929688,705.0,0.09863013698630137,0.036800000667572025,-0.011256887413772045,38.83,2026-07-31,36,0.04156026637300532
2026-06-25,734.2999877929688,712.0,0.09863013698630137,0.036800000667572025,-0.011256887413772045,33.09,2026-07-31,36,0.03132020757439431
2026-06-25,734.2999877929688,720.0,0.09863013698630137,0.036800000667572025,-0.011256887413772045,27.045,2026-07-31,36,0.01986109415690104
2026-06-25,734.2999877929688,727.0,0.09863013698630137,0.036800000667572025,-0.011256887413772045,21.83,2026-07-31,36,0.010041248683588378
2026-06-25,734.2999877929688,734.0,0.09863013698630137,0.036800000667572025,-0.011256887413772045,17.17,2026-07-31,36,0.00040870271521628067
2026-06-25,734.2999877929688,742.0,0.09863013698630137,0.036800000667572025,-0.011256887413772045,12.48,2026-07-31,36,-0.010377374942090633
2026-06-25,734.2999877929688,749.0,0.09863013698630137,0.036800000667572025,-0.011256887413772045,8.965,2026-07-31,36,-0.019626184522071096
2026-06-25,734.2999877929688,756.0,0.09863013698630137,0.036800000667572025,-0.011256887413772045,6.109999999999999,2026-07-31,36,-0.028703719850570436
2026-06-25,734.2999877929688,764.0,0.09863013698630137,0.036800000667572025,-0.011256887413772045,3.705,2026-07-31,36,-0.038874361527527816
2026-06-25,734.2999877929688,778.0,0.09863013698630137,0.036800000667572025,-0.011256887413772045,1.24,2026-07-31,36,-0.05616968150004017
2026-06-25,734.2999877929688,793.0,0.09863013698630137,0.036800000667572025,-0.011256887413772045,0.33,2026-07-31,36,-0.07402271400634458
2026-06-25,734.2999877929688,810.0,0.09863013698630137,0.036800000667572025,-0.011256887413772045,0.09,2026-07-31,36,-0.09345680519386575
2026-06-25,734.2999877929688,676.0,0.15616438356164383,0.036800000667572025,-0.006999475756053634,68.245,2026-08-21,57,0.08624258549255732
2026-06-25,734.2999877929688,690.0,0.15616438356164383,0.036800000667572025,-0.006999475756053634,55.295,2026-08-21,57,0.064202880859375
2026-06-25,734.2999877929688,705.0,0.15616438356164383,0.036800000667572025,-0.006999475756053634,42.465,2026-08-21,57,0.04156026637300532
2026-06-25,734.2999877929688,712.0,0.15616438356164383,0.036800000667572025,-0.006999475756053634,37.78,2026-08-21,57,0.03132020757439431
2026-06-25,734.2999877929688,720.0,0.15616438356164383,0.036800000667572025,-0.006999475756053634,31.525,2026-08-21,57,0.01986109415690104
2026-06-25,734.2999877929688,727.0,0.15616438356164383,0.036800000667572025,-0.006999475756053634,26.535,2026-08-21,57,0.010041248683588378
2026-06-25,734.2999877929688,734.0,0.15616438356164383,0.036800000667572025,-0.006999475756053634,21.865000000000002,2026-08-21,57,0.00040870271521628067
2026-06-25,734.2999877929688,742.0,0.15616438356164383,0.036800000667572025,-0.006999475756053634,17.025,2026-08-21,57,-0.010377374942090633
2026-06-25,734.2999877929688,749.0,0.15616438356164383,0.036800000667572025,-0.006999475756053634,13.375,2026-08-21,57,-0.019626184522071096
2026-06-25,734.2999877929688,756.0,0.15616438356164383,0.036800000667572025,-0.006999475756053634,10.05,2026-08-21,57,-0.028703719850570436
2026-06-25,734.2999877929688,764.0,0.15616438356164383,0.036800000667572025,-0.006999475756053634,7.029999999999999,2026-08-21,57,-0.038874361527527816
2026-06-25,734.2999877929688,778.0,0.15616438356164383,0.036800000667572025,-0.006999475756053634,3.4050000000000002,2026-08-21,57,-0.05616968150004017
2026-06-25,734.2999877929688,793.0,0.15616438356164383,0.036800000667572025,-0.006999475756053634,1.37,2026-08-21,57,-0.07402271400634458
2026-06-25,734.2999877929688,810.0,0.15616438356164383,0.036800000667572025,-0.006999475756053634,0.45,2026-08-21,57,-0.09345680519386575
2026-07-02,744.780029296875,685.0,0.09863013698630137,0.036679999828338625,0.004294344658023849,64.165,2026-08-07,36,0.08727011576186132
2026-07-02,744.780029296875,700.0,0.09863013698630137,0.036679999828338625,0.004294344658023849,50.8,2026-08-07,36,0.06397147042410714
2026-07-02,744.780029296875,715.0,0.09863013698630137,0.036679999828338625,0.004294344658023849,37.485,2026-08-07,36,0.041650390625
2026-07-02,744.780029296875,722.0,0.09863013698630137,0.036679999828338625,0.004294344658023849,31.64,2026-08-07,36,0.03155128711478532
2026-07-02,744.780029296875,730.0,0.09863013698630137,0.036679999828338625,0.004294344658023849,25.075,2026-08-07,36,0.02024661547517123
2026-07-02,744.780029296875,737.0,0.09863013698630137,0.036679999828338625,0.004294344658023849,19.37,2026-08-07,36,0.01055634911380597
2026-07-02,744.780029296875,745.0,0.09863013698630137,0.036679999828338625,0.004294344658023849,14.02,2026-08-07,36,-0.00029526268875838926
2026-07-02,744.780029296875,752.0,0.09863013698630137,0.036679999828338625,0.004294344658023849,10.0,2026-08-07,36,-0.009601024871176861
2026-07-02,744.780029296875,760.0,0.09863013698630137,0.036679999828338625,0.004294344658023849,6.3149999999999995,2026-08-07,36,-0.020026277240953946
2026-07-02,744.780029296875,767.0,0.09863013698630137,0.036679999828338625,0.004294344658023849,3.9450000000000003,2026-08-07,36,-0.028969974841101694
2026-07-02,744.780029296875,775.0,0.09863013698630137,0.036679999828338625,0.004294344658023849,2.135,2026-08-07,36,-0.03899351058467742
2026-07-02,744.780029296875,790.0,0.09863013698630137,0.036679999828338625,0.004294344658023849,0.58,2026-08-07,36,-0.05724046924446202
2026-07-02,744.780029296875,805.0,0.09863013698630137,0.036679999828338625,0.004294344658023849,0.165,2026-08-07,36,-0.07480741702251553
2026-07-02,744.780029296875,820.0,0.09863013698630137,0.036679999828338625,0.004294344658023849,0.065,2026-08-07,36,-0.09173167158917683
2026-07-02,744.780029296875,685.0,0.1643835616438356,0.036679999828338625,0.0035184498000061515,68.655,2026-08-31,60,0.08727011576186132
2026-07-02,744.780029296875,700.0,0.1643835616438356,0.036679999828338625,0.0035184498000061515,55.07,2026-08-31,60,0.06397147042410714
2026-07-02,744.780029296875,715.0,0.1643835616438356,0.036679999828338625,0.0035184498000061515,42.405,2026-08-31,60,0.041650390625
2026-07-02,744.780029296875,722.0,0.1643835616438356,0.036679999828338625,0.0035184498000061515,36.61,2026-08-31,60,0.03155128711478532
2026-07-02,744.780029296875,730.0,0.1643835616438356,0.036679999828338625,0.0035184498000061515,29.810000000000002,2026-08-31,60,0.02024661547517123
2026-07-02,744.780029296875,737.0,0.1643835616438356,0.036679999828338625,0.0035184498000061515,24.740000000000002,2026-08-31,60,0.01055634911380597
2026-07-02,744.780029296875,745.0,0.1643835616438356,0.036679999828338625,0.0035184498000061515,19.41,2026-08-31,60,-0.00029526268875838926
2026-07-02,744.780029296875,752.0,0.1643835616438356,0.036679999828338625,0.0035184498000061515,15.21,2026-08-31,60,-0.009601024871176861
2026-07-02,744.780029296875,760.0,0.1643835616438356,0.036679999828338625,0.0035184498000061515,11.085,2026-08-31,60,-0.020026277240953946
2026-07-02,744.780029296875,767.0,0.1643835616438356,0.036679999828338625,0.0035184498000061515,8.129999999999999,2026-08-31,60,-0.028969974841101694
2026-07-02,744.780029296875,775.0,0.1643835616438356,0.036679999828338625,0.0035184498000061515,5.5,2026-08-31,60,-0.03899351058467742
2026-07-02,744.780029296875,789.0,0.1643835616438356,0.036679999828338625,0.0035184498000061515,2.54,2026-08-31,60,-0.05604559024477186
2026-07-02,744.780029296875,805.0,0.1643835616438356,0.036679999828338625,0.0035184498000061515,0.955,2026-08-31,60,-0.07480741702251553
2026-07-02,744.780029296875,820.0,0.1643835616438356,0.036679999828338625,0.0035184498000061515,0.395,2026-08-31,60,-0.09173167158917683
